Focal;Neighbor;Pair;Condition;N;P;PN
Anvergur;Anvergur;Anvergur_Anvergur;Pure;100;0;0
Anvergur;Anvergur;Anvergur_Anvergur;Pure;75;8;10.7
Anvergur;Anvergur;Anvergur_Anvergur;Pure;75;0;0
Anvergur;Anvergur;Anvergur_Anvergur;Pure;77;0;0
Anvergur;Anvergur;Anvergur_Anvergur;Pure;60;0;0
Anvergur;Anvergur;Anvergur_Anvergur;Pure;5;0.5;10
Anvergur;Anvergur;Anvergur_Anvergur;Pure;0;0;0
Anvergur;Anvergur;Anvergur_Anvergur;Pure;3;1;33.3
Anvergur;Anvergur;Anvergur_Anvergur;Pure;2;0;0
Anvergur;Anvergur;Anvergur_Anvergur;Pure;0;0;0
Anvergur;Anvergur;Anvergur_Anvergur;Pure;0;0;0
Anvergur;Anvergur;Anvergur_Anvergur;Pure;0;0;0
Anvergur;Anvergur;Anvergur_Anvergur;Pure;0;0;0
Anvergur;Anvergur;Anvergur_Anvergur;Pure;0;0;0
Anvergur;Anvergur;Anvergur_Anvergur;Pure;2;0;0
Anvergur;Anvergur;Anvergur_Anvergur;Pure;2;0;0
Anvergur;Anvergur;Anvergur_Anvergur;Pure;1;0;0
Anvergur;Anvergur;Anvergur_Anvergur;Pure;2;0;0
Anvergur;Anvergur;Anvergur_Anvergur;Pure;15;0;0
Anvergur;Anvergur;Anvergur_Anvergur;Pure;3;0;0
Anvergur;Anvergur;Anvergur_Anvergur;Pure;5;0;0
Anvergur;Anvergur;Anvergur_Anvergur;Pure;0;0;0
Anvergur;Anvergur;Anvergur_Anvergur;Pure;25;0;0
Anvergur;Anvergur;Anvergur_Anvergur;Pure;45;35;77.8
Anvergur;Anvergur;Anvergur_Anvergur;Pure;100;50;50
Anvergur;Anvergur;Anvergur_Anvergur;Pure;100;27;27
Anvergur;Anvergur;Anvergur_Anvergur;Pure;100;20;20
Anvergur;Anvergur;Anvergur_Anvergur;Pure;90;25;27.8
Anvergur;Anvergur;Anvergur_Anvergur;Pure;55;18;32.7
Anvergur;Anvergur;Anvergur_Anvergur;Pure;100;3;3
Anvergur;Anvergur;Anvergur_Anvergur;Pure;18;6;33.3
Anvergur;Atoudur;Anvergur_Atoudur;Mix;100;6;6
Anvergur;Atoudur;Anvergur_Atoudur;Mix;100;3;3
Anvergur;Atoudur;Anvergur_Atoudur;Mix;85;50;58.8
Anvergur;Atoudur;Anvergur_Atoudur;Mix;25;7;28
Anvergur;Atoudur;Anvergur_Atoudur;Mix;65;17;26.2
Anvergur;Atoudur;Anvergur_Atoudur;Mix;90;30;33.3
Anvergur;Atoudur;Anvergur_Atoudur;Mix;100;0;0
Anvergur;Atoudur;Anvergur_Atoudur;Mix;100;2;2
Anvergur;Atoudur;Anvergur_Atoudur;Mix;25;7;28
Anvergur;Atoudur;Anvergur_Atoudur;Mix;15;2;13.3
Anvergur;Atoudur;Anvergur_Atoudur;Mix;12;2;16.7
Anvergur;Atoudur;Anvergur_Atoudur;Mix;55;12;21.8
Anvergur;Atoudur;Anvergur_Atoudur;Mix;90;30;33.3
Anvergur;Atoudur;Anvergur_Atoudur;Mix;100;25;25
Anvergur;Atoudur;Anvergur_Atoudur;Mix;70;22;31.4
Anvergur;Atoudur;Anvergur_Atoudur;Mix;50;30;60
Anvergur;Cultur;Anvergur_Cultur;Mix;40;2;5
Anvergur;Cultur;Anvergur_Cultur;Mix;30;4;13.3
Anvergur;Cultur;Anvergur_Cultur;Mix;3;0;0
Anvergur;Cultur;Anvergur_Cultur;Mix;0;0;0
Anvergur;Cultur;Anvergur_Cultur;Mix;18;5;27.8
Anvergur;Cultur;Anvergur_Cultur;Mix;5;1;20
Anvergur;Cultur;Anvergur_Cultur;Mix;0;0;0
Anvergur;Cultur;Anvergur_Cultur;Mix;100;3;3
Anvergur;Cultur;Anvergur_Cultur;Mix;75;2;2.7
Anvergur;Cultur;Anvergur_Cultur;Mix;12;3;25
Anvergur;Cultur;Anvergur_Cultur;Mix;100;7;7
Anvergur;Cultur;Anvergur_Cultur;Mix;100;42;42
Anvergur;Cultur;Anvergur_Cultur;Mix;100;0;0
Anvergur;Cultur;Anvergur_Cultur;Mix;100;3;3
Anvergur;Cultur;Anvergur_Cultur;Mix;100;2;2
Anvergur;Liberdur;Anvergur_Liberdur;Mix;75;45;60
Anvergur;Liberdur;Anvergur_Liberdur;Mix;63;30;47.6
Anvergur;Liberdur;Anvergur_Liberdur;Mix;55;15;27.3
Anvergur;Liberdur;Anvergur_Liberdur;Mix;97;18;18.6
Anvergur;Liberdur;Anvergur_Liberdur;Mix;10;3;30
Anvergur;Liberdur;Anvergur_Liberdur;Mix;5;0;0
Anvergur;Liberdur;Anvergur_Liberdur;Mix;0;0;0
Anvergur;Liberdur;Anvergur_Liberdur;Mix;2;0;0
Anvergur;Liberdur;Anvergur_Liberdur;Mix;0.5;0;0
Anvergur;Liberdur;Anvergur_Liberdur;Mix;1;0;0
Anvergur;Liberdur;Anvergur_Liberdur;Mix;1;0;0
Anvergur;Liberdur;Anvergur_Liberdur;Mix;25;2;8
Anvergur;Liberdur;Anvergur_Liberdur;Mix;75;1;1.3
Anvergur;Liberdur;Anvergur_Liberdur;Mix;70;1;1.4
Anvergur;Liberdur;Anvergur_Liberdur;Mix;22;0;0
Anvergur;Obelix;Anvergur_Obelix;Mix;100;20;20
Anvergur;Obelix;Anvergur_Obelix;Mix;100;20;20
Anvergur;Obelix;Anvergur_Obelix;Mix;5;0;0
Anvergur;Obelix;Anvergur_Obelix;Mix;17;5;29.4
Anvergur;Obelix;Anvergur_Obelix;Mix;100;40;40
Anvergur;Obelix;Anvergur_Obelix;Mix;50;20;40
Anvergur;Obelix;Anvergur_Obelix;Mix;10;3;30
Anvergur;Obelix;Anvergur_Obelix;Mix;90;4;4.4
Anvergur;Obelix;Anvergur_Obelix;Mix;15;3;20
Anvergur;Obelix;Anvergur_Obelix;Mix;75;38;50.7
Anvergur;Obelix;Anvergur_Obelix;Mix;75;5;6.7
Anvergur;Obelix;Anvergur_Obelix;Mix;80;5;6.3
Anvergur;Obelix;Anvergur_Obelix;Mix;70;2;2.9
Anvergur;Obelix;Anvergur_Obelix;Mix;50;10;20
Anvergur;Obelix;Anvergur_Obelix;Mix;40;10;25
Anvergur;Pescadou;Anvergur_Pescadou;Mix;5;0;0
Anvergur;Pescadou;Anvergur_Pescadou;Mix;0;0;0
Anvergur;Pescadou;Anvergur_Pescadou;Mix;0;0;0
Anvergur;Pescadou;Anvergur_Pescadou;Mix;90;0;0
Anvergur;Pescadou;Anvergur_Pescadou;Mix;80;0;0
Anvergur;Pescadou;Anvergur_Pescadou;Mix;0;0;0
Anvergur;Pescadou;Anvergur_Pescadou;Mix;0;0;0
Anvergur;Pescadou;Anvergur_Pescadou;Mix;50;0;0
Anvergur;Pescadou;Anvergur_Pescadou;Mix;80;0;0
Anvergur;Pescadou;Anvergur_Pescadou;Mix;80;0;0
Anvergur;Pescadou;Anvergur_Pescadou;Mix;85;0;0
Anvergur;Pescadou;Anvergur_Pescadou;Mix;40;0;0
Anvergur;Pescadou;Anvergur_Pescadou;Mix;30;27;90
Anvergur;Pescadou;Anvergur_Pescadou;Mix;95;0;0
Anvergur;Pescadou;Anvergur_Pescadou;Mix;95;0;0
Anvergur;Pescadou;Anvergur_Pescadou;Mix;22;0;0
Anvergur;Sculptur;Anvergur_Sculptur;Mix;50;10;20
Anvergur;Sculptur;Anvergur_Sculptur;Mix;0;0;0
Anvergur;Sculptur;Anvergur_Sculptur;Mix;2;0;0
Anvergur;Sculptur;Anvergur_Sculptur;Mix;70;1;1.4
Anvergur;Sculptur;Anvergur_Sculptur;Mix;0;0;0
Anvergur;Sculptur;Anvergur_Sculptur;Mix;6;2;33.3
Anvergur;Sculptur;Anvergur_Sculptur;Mix;7;2;28.6
Anvergur;Sculptur;Anvergur_Sculptur;Mix;60;20;33.3
Anvergur;Sculptur;Anvergur_Sculptur;Mix;25;1.5;6
Anvergur;Sculptur;Anvergur_Sculptur;Mix;15;0;0
Anvergur;Sculptur;Anvergur_Sculptur;Mix;3;0;0
Anvergur;Sculptur;Anvergur_Sculptur;Mix;6;0;0
Anvergur;Sculptur;Anvergur_Sculptur;Mix;8;0;0
Anvergur;Sculptur;Anvergur_Sculptur;Mix;65;20;30.8
Anvergur;Sculptur;Anvergur_Sculptur;Mix;90;7;7.8
Anvergur;Surmesur;Anvergur_Surmesur;Mix;100;90;90
Anvergur;Surmesur;Anvergur_Surmesur;Mix;100;75;75
Anvergur;Surmesur;Anvergur_Surmesur;Mix;50;42;84
Anvergur;Surmesur;Anvergur_Surmesur;Mix;85;55;64.7
Anvergur;Surmesur;Anvergur_Surmesur;Mix;2;0;0
Anvergur;Surmesur;Anvergur_Surmesur;Mix;3;0;0
Anvergur;Surmesur;Anvergur_Surmesur;Mix;100;0;0
Anvergur;Surmesur;Anvergur_Surmesur;Mix;80;0;0
Anvergur;Surmesur;Anvergur_Surmesur;Mix;1;0;0
Anvergur;Surmesur;Anvergur_Surmesur;Mix;0;0;0
Anvergur;Surmesur;Anvergur_Surmesur;Mix;40;15;37.5
Anvergur;Surmesur;Anvergur_Surmesur;Mix;2;0;0
Anvergur;Voilur;Anvergur_Voilur;Mix;20;7;35
Anvergur;Voilur;Anvergur_Voilur;Mix;70;20;28.6
Anvergur;Voilur;Anvergur_Voilur;Mix;17;0;0
Anvergur;Voilur;Anvergur_Voilur;Mix;5;0.5;10
Anvergur;Voilur;Anvergur_Voilur;Mix;5;0;0
Anvergur;Voilur;Anvergur_Voilur;Mix;20;2;10
Anvergur;Voilur;Anvergur_Voilur;Mix;12;3;25
Anvergur;Voilur;Anvergur_Voilur;Mix;1;0;0
Anvergur;Voilur;Anvergur_Voilur;Mix;100;0;0
Anvergur;Voilur;Anvergur_Voilur;Mix;100;0;0
Anvergur;Voilur;Anvergur_Voilur;Mix;80;0;0
Anvergur;Voilur;Anvergur_Voilur;Mix;100;0;0
Anvergur;Voilur;Anvergur_Voilur;Mix;5;0;0
Anvergur;Voilur;Anvergur_Voilur;Mix;5;0;0
Anvergur;Voilur;Anvergur_Voilur;Mix;8;0;0
Anvergur;Voilur;Anvergur_Voilur;Mix;80;0;0
Atoudur;Anvergur;Atoudur_Anvergur;Mix;45;5;11.1
Atoudur;Anvergur;Atoudur_Anvergur;Mix;98;4;4.1
Atoudur;Anvergur;Atoudur_Anvergur;Mix;100;10;10
Atoudur;Anvergur;Atoudur_Anvergur;Mix;100;10;10
Atoudur;Anvergur;Atoudur_Anvergur;Mix;15;7;46.7
Atoudur;Anvergur;Atoudur_Anvergur;Mix;45;20;44.4
Atoudur;Anvergur;Atoudur_Anvergur;Mix;100;0;0
Atoudur;Anvergur;Atoudur_Anvergur;Mix;65;5;7.7
Atoudur;Anvergur;Atoudur_Anvergur;Mix;40;2;5
Atoudur;Anvergur;Atoudur_Anvergur;Mix;92;0;0
Atoudur;Anvergur;Atoudur_Anvergur;Mix;80;0;0
Atoudur;Anvergur;Atoudur_Anvergur;Mix;10;0;0
Atoudur;Anvergur;Atoudur_Anvergur;Mix;85;0;0
Atoudur;Anvergur;Atoudur_Anvergur;Mix;50;0;0
Atoudur;Anvergur;Atoudur_Anvergur;Mix;65;0;0
Atoudur;Anvergur;Atoudur_Anvergur;Mix;75;1;1.3
Atoudur;Atoudur;Atoudur_Atoudur;Pure;5;0;0
Atoudur;Atoudur;Atoudur_Atoudur;Pure;2;0;0
Atoudur;Atoudur;Atoudur_Atoudur;Pure;3;0;0
Atoudur;Atoudur;Atoudur_Atoudur;Pure;5;0;0
Atoudur;Atoudur;Atoudur_Atoudur;Pure;0;0;0
Atoudur;Atoudur;Atoudur_Atoudur;Pure;0;0;0
Atoudur;Atoudur;Atoudur_Atoudur;Pure;0;0;0
Atoudur;Atoudur;Atoudur_Atoudur;Pure;2;0;0
Atoudur;Atoudur;Atoudur_Atoudur;Pure;7;1;14.3
Atoudur;Atoudur;Atoudur_Atoudur;Pure;20;4;20
Atoudur;Atoudur;Atoudur_Atoudur;Pure;5;0;0
Atoudur;Atoudur;Atoudur_Atoudur;Pure;10;2;20
Atoudur;Atoudur;Atoudur_Atoudur;Pure;25;4;16
Atoudur;Atoudur;Atoudur_Atoudur;Pure;10;3;30
Atoudur;Atoudur;Atoudur_Atoudur;Pure;6;0.5;8.3
Atoudur;Atoudur;Atoudur_Atoudur;Pure;30;0;0
Atoudur;Atoudur;Atoudur_Atoudur;Pure;80;0;0
Atoudur;Atoudur;Atoudur_Atoudur;Pure;70;0;0
Atoudur;Atoudur;Atoudur_Atoudur;Pure;28;0;0
Atoudur;Atoudur;Atoudur_Atoudur;Pure;27;1;3.7
Atoudur;Atoudur;Atoudur_Atoudur;Pure;50;1;2
Atoudur;Atoudur;Atoudur_Atoudur;Pure;60;0;0
Atoudur;Atoudur;Atoudur_Atoudur;Pure;95;0;0
Atoudur;Atoudur;Atoudur_Atoudur;Pure;10;0;0
Atoudur;Atoudur;Atoudur_Atoudur;Pure;95;0;0
Atoudur;Atoudur;Atoudur_Atoudur;Pure;10;0;0
Atoudur;Atoudur;Atoudur_Atoudur;Pure;20;0;0
Atoudur;Atoudur;Atoudur_Atoudur;Pure;40;0;0
Atoudur;Atoudur;Atoudur_Atoudur;Pure;75;0;0
Atoudur;Atoudur;Atoudur_Atoudur;Pure;65;0;0
Atoudur;Atoudur;Atoudur_Atoudur;Pure;20;0;0
Atoudur;Cultur;Atoudur_Cultur;Mix;35;3;8.6
Atoudur;Cultur;Atoudur_Cultur;Mix;10;1;10
Atoudur;Cultur;Atoudur_Cultur;Mix;25;3;12
Atoudur;Cultur;Atoudur_Cultur;Mix;8;2;25
Atoudur;Cultur;Atoudur_Cultur;Mix;95;2;2.1
Atoudur;Cultur;Atoudur_Cultur;Mix;100;0;0
Atoudur;Cultur;Atoudur_Cultur;Mix;45;3;6.7
Atoudur;Cultur;Atoudur_Cultur;Mix;100;0;0
Atoudur;Cultur;Atoudur_Cultur;Mix;87;2;2.3
Atoudur;Cultur;Atoudur_Cultur;Mix;20;0;0
Atoudur;Cultur;Atoudur_Cultur;Mix;45;0;0
Atoudur;Cultur;Atoudur_Cultur;Mix;60;0;0
Atoudur;Cultur;Atoudur_Cultur;Mix;6;0;0
Atoudur;Cultur;Atoudur_Cultur;Mix;78;15;19.2
Atoudur;Cultur;Atoudur_Cultur;Mix;80;0.5;0.6
Atoudur;Cultur;Atoudur_Cultur;Mix;85;1.5;1.8
Atoudur;Liberdur;Atoudur_Liberdur;Mix;15;0;0
Atoudur;Liberdur;Atoudur_Liberdur;Mix;5;0;0
Atoudur;Liberdur;Atoudur_Liberdur;Mix;6;2;33.3
Atoudur;Liberdur;Atoudur_Liberdur;Mix;1;0;0
Atoudur;Liberdur;Atoudur_Liberdur;Mix;5;0;0
Atoudur;Liberdur;Atoudur_Liberdur;Mix;0;0;0
Atoudur;Liberdur;Atoudur_Liberdur;Mix;1;0;0
Atoudur;Liberdur;Atoudur_Liberdur;Mix;0;0;0
Atoudur;Liberdur;Atoudur_Liberdur;Mix;20;0;0
Atoudur;Liberdur;Atoudur_Liberdur;Mix;65;0;0
Atoudur;Liberdur;Atoudur_Liberdur;Mix;60;0;0
Atoudur;Liberdur;Atoudur_Liberdur;Mix;75;0;0
Atoudur;Liberdur;Atoudur_Liberdur;Mix;75;0;0
Atoudur;Liberdur;Atoudur_Liberdur;Mix;70;0;0
Atoudur;Liberdur;Atoudur_Liberdur;Mix;90;5;5.6
Atoudur;Liberdur;Atoudur_Liberdur;Mix;90;0;0
Atoudur;Obelix;Atoudur_Obelix;Mix;15;7;46.7
Atoudur;Obelix;Atoudur_Obelix;Mix;20;1;5
Atoudur;Obelix;Atoudur_Obelix;Mix;15;0;0
Atoudur;Obelix;Atoudur_Obelix;Mix;90;0;0
Atoudur;Obelix;Atoudur_Obelix;Mix;75;15;20
Atoudur;Obelix;Atoudur_Obelix;Mix;90;0;0
Atoudur;Obelix;Atoudur_Obelix;Mix;100;0;0
Atoudur;Obelix;Atoudur_Obelix;Mix;75;2;2.7
Atoudur;Obelix;Atoudur_Obelix;Mix;15;0;0
Atoudur;Obelix;Atoudur_Obelix;Mix;6;0;0
Atoudur;Obelix;Atoudur_Obelix;Mix;15;0;0
Atoudur;Obelix;Atoudur_Obelix;Mix;5;0;0
Atoudur;Obelix;Atoudur_Obelix;Mix;65;5;7.7
Atoudur;Obelix;Atoudur_Obelix;Mix;75;2;2.7
Atoudur;Obelix;Atoudur_Obelix;Mix;17;5;29.4
Atoudur;Obelix;Atoudur_Obelix;Mix;65;7;10.8
Atoudur;Pescadou;Atoudur_Pescadou;Mix;50;0;0
Atoudur;Pescadou;Atoudur_Pescadou;Mix;0;0;0
Atoudur;Pescadou;Atoudur_Pescadou;Mix;65;0;0
Atoudur;Pescadou;Atoudur_Pescadou;Mix;15;0;0
Atoudur;Pescadou;Atoudur_Pescadou;Mix;30;20;66.7
Atoudur;Pescadou;Atoudur_Pescadou;Mix;38;0;0
Atoudur;Pescadou;Atoudur_Pescadou;Mix;95;0;0
Atoudur;Pescadou;Atoudur_Pescadou;Mix;90;5;5.6
Atoudur;Pescadou;Atoudur_Pescadou;Mix;0;0;0
Atoudur;Pescadou;Atoudur_Pescadou;Mix;0;0;0
Atoudur;Pescadou;Atoudur_Pescadou;Mix;50;0;0
Atoudur;Pescadou;Atoudur_Pescadou;Mix;70;0;0
Atoudur;Pescadou;Atoudur_Pescadou;Mix;20;5;25
Atoudur;Pescadou;Atoudur_Pescadou;Mix;25;1;4
Atoudur;Pescadou;Atoudur_Pescadou;Mix;15;0;0
Atoudur;Pescadou;Atoudur_Pescadou;Mix;40;0;0
Atoudur;Sculptur;Atoudur_Sculptur;Mix;60;18;30
Atoudur;Sculptur;Atoudur_Sculptur;Mix;60;15;25
Atoudur;Sculptur;Atoudur_Sculptur;Mix;40;7;17.5
Atoudur;Sculptur;Atoudur_Sculptur;Mix;80;10;12.5
Atoudur;Sculptur;Atoudur_Sculptur;Mix;10;3;30
Atoudur;Sculptur;Atoudur_Sculptur;Mix;30;2;6.7
Atoudur;Sculptur;Atoudur_Sculptur;Mix;10;0;0
Atoudur;Sculptur;Atoudur_Sculptur;Mix;10;2;20
Atoudur;Sculptur;Atoudur_Sculptur;Mix;5;0;0
Atoudur;Sculptur;Atoudur_Sculptur;Mix;15;0;0
Atoudur;Sculptur;Atoudur_Sculptur;Mix;5;0;0
Atoudur;Sculptur;Atoudur_Sculptur;Mix;25;0;0
Atoudur;Sculptur;Atoudur_Sculptur;Mix;85;0;0
Atoudur;Sculptur;Atoudur_Sculptur;Mix;40;5;12.5
Atoudur;Sculptur;Atoudur_Sculptur;Mix;95;5;5.3
Atoudur;Sculptur;Atoudur_Sculptur;Mix;47;5;10.6
Atoudur;Surmesur;Atoudur_Surmesur;Mix;5;0.5;10
Atoudur;Surmesur;Atoudur_Surmesur;Mix;12;1;8.3
Atoudur;Surmesur;Atoudur_Surmesur;Mix;10;2;20
Atoudur;Surmesur;Atoudur_Surmesur;Mix;17;5;29.4
Atoudur;Surmesur;Atoudur_Surmesur;Mix;7;1.5;21.4
Atoudur;Surmesur;Atoudur_Surmesur;Mix;2;0;0
Atoudur;Surmesur;Atoudur_Surmesur;Mix;8;3;37.5
Atoudur;Surmesur;Atoudur_Surmesur;Mix;5;2;40
Atoudur;Surmesur;Atoudur_Surmesur;Mix;15;4;26.7
Atoudur;Surmesur;Atoudur_Surmesur;Mix;70;0;0
Atoudur;Surmesur;Atoudur_Surmesur;Mix;75;0;0
Atoudur;Surmesur;Atoudur_Surmesur;Mix;40;0;0
Atoudur;Surmesur;Atoudur_Surmesur;Mix;70;0;0
Atoudur;Surmesur;Atoudur_Surmesur;Mix;80;0;0
Atoudur;Surmesur;Atoudur_Surmesur;Mix;85;0;0
Atoudur;Surmesur;Atoudur_Surmesur;Mix;70;0;0
Atoudur;Voilur;Atoudur_Voilur;Mix;60;25;41.7
Atoudur;Voilur;Atoudur_Voilur;Mix;25;7;28
Atoudur;Voilur;Atoudur_Voilur;Mix;75;5;6.7
Atoudur;Voilur;Atoudur_Voilur;Mix;75;15;20
Atoudur;Voilur;Atoudur_Voilur;Mix;100;0;0
Atoudur;Voilur;Atoudur_Voilur;Mix;80;0;0
Atoudur;Voilur;Atoudur_Voilur;Mix;10;5;50
Atoudur;Voilur;Atoudur_Voilur;Mix;2;0;0
Atoudur;Voilur;Atoudur_Voilur;Mix;40;0.5;1.3
Atoudur;Voilur;Atoudur_Voilur;Mix;75;0;0
Atoudur;Voilur;Atoudur_Voilur;Mix;65;0.5;0.8
Atoudur;Voilur;Atoudur_Voilur;Mix;50;0;0
Atoudur;Voilur;Atoudur_Voilur;Mix;50;5;10
Atoudur;Voilur;Atoudur_Voilur;Mix;55;0;0
Atoudur;Voilur;Atoudur_Voilur;Mix;75;0;0
Atoudur;Voilur;Atoudur_Voilur;Mix;75;0;0
Cultur;Anvergur;Cultur_Anvergur;Mix;100;2;2
Cultur;Anvergur;Cultur_Anvergur;Mix;95;50;52.6
Cultur;Anvergur;Cultur_Anvergur;Mix;42;12;28.6
Cultur;Anvergur;Cultur_Anvergur;Mix;100;1;1
Cultur;Anvergur;Cultur_Anvergur;Mix;100;55;55
Cultur;Anvergur;Cultur_Anvergur;Mix;100;30;30
Cultur;Anvergur;Cultur_Anvergur;Mix;100;75;75
Cultur;Anvergur;Cultur_Anvergur;Mix;100;15;15
Cultur;Anvergur;Cultur_Anvergur;Mix;95;12;12.6
Cultur;Anvergur;Cultur_Anvergur;Mix;95;12;12.6
Cultur;Anvergur;Cultur_Anvergur;Mix;75;5;6.7
Cultur;Anvergur;Cultur_Anvergur;Mix;70;15;21.4
Cultur;Anvergur;Cultur_Anvergur;Mix;60;0;0
Cultur;Anvergur;Cultur_Anvergur;Mix;75;0;0
Cultur;Anvergur;Cultur_Anvergur;Mix;90;2;2.2
Cultur;Anvergur;Cultur_Anvergur;Mix;90;7;7.8
Cultur;Atoudur;Cultur_Atoudur;Mix;100;0;0
Cultur;Atoudur;Cultur_Atoudur;Mix;100;17;17
Cultur;Atoudur;Cultur_Atoudur;Mix;100;2;2
Cultur;Atoudur;Cultur_Atoudur;Mix;95;25;26.3
Cultur;Atoudur;Cultur_Atoudur;Mix;100;15;15
Cultur;Atoudur;Cultur_Atoudur;Mix;100;30;30
Cultur;Atoudur;Cultur_Atoudur;Mix;100;40;40
Cultur;Atoudur;Cultur_Atoudur;Mix;100;5;5
Cultur;Atoudur;Cultur_Atoudur;Mix;80;0;0
Cultur;Atoudur;Cultur_Atoudur;Mix;90;0;0
Cultur;Atoudur;Cultur_Atoudur;Mix;60;0;0
Cultur;Atoudur;Cultur_Atoudur;Mix;70;0;0
Cultur;Atoudur;Cultur_Atoudur;Mix;90;37;41.1
Cultur;Atoudur;Cultur_Atoudur;Mix;95;35;36.8
Cultur;Atoudur;Cultur_Atoudur;Mix;90;15;16.7
Cultur;Atoudur;Cultur_Atoudur;Mix;65;20;30.8
Cultur;Cultur;Cultur_Cultur;Pure;100;27;27
Cultur;Cultur;Cultur_Cultur;Pure;100;7;7
Cultur;Cultur;Cultur_Cultur;Pure;100;3;3
Cultur;Cultur;Cultur_Cultur;Pure;100;1;1
Cultur;Cultur;Cultur_Cultur;Pure;100;40;40
Cultur;Cultur;Cultur_Cultur;Pure;100;20;20
Cultur;Cultur;Cultur_Cultur;Pure;100;2;2
Cultur;Cultur;Cultur_Cultur;Pure;100;0;0
Cultur;Cultur;Cultur_Cultur;Pure;92;25;27.2
Cultur;Cultur;Cultur_Cultur;Pure;50;17;34
Cultur;Cultur;Cultur_Cultur;Pure;100;0;0
Cultur;Cultur;Cultur_Cultur;Pure;45;2;4.4
Cultur;Cultur;Cultur_Cultur;Pure;100;28;28
Cultur;Cultur;Cultur_Cultur;Pure;98;20;20.4
Cultur;Cultur;Cultur_Cultur;Pure;100;17;17
Cultur;Cultur;Cultur_Cultur;Pure;100;1;1
Cultur;Cultur;Cultur_Cultur;Pure;55;1;1.8
Cultur;Cultur;Cultur_Cultur;Pure;60;0;0
Cultur;Cultur;Cultur_Cultur;Pure;60;0;0
Cultur;Cultur;Cultur_Cultur;Pure;50;0;0
Cultur;Cultur;Cultur_Cultur;Pure;80;0;0
Cultur;Cultur;Cultur_Cultur;Pure;85;0;0
Cultur;Cultur;Cultur_Cultur;Pure;55;1;1.8
Cultur;Cultur;Cultur_Cultur;Pure;60;0;0
Cultur;Cultur;Cultur_Cultur;Pure;60;0;0
Cultur;Cultur;Cultur_Cultur;Pure;75;0;0
Cultur;Cultur;Cultur_Cultur;Pure;50;0;0
Cultur;Cultur;Cultur_Cultur;Pure;55;0;0
Cultur;Cultur;Cultur_Cultur;Pure;75;2;2.7
Cultur;Cultur;Cultur_Cultur;Pure;85;0;0
Cultur;Cultur;Cultur_Cultur;Pure;70;3;4.3
Cultur;Cultur;Cultur_Cultur;Pure;60;0;0
Cultur;Liberdur;Cultur_Liberdur;Mix;95;1;1.1
Cultur;Liberdur;Cultur_Liberdur;Mix;95;2;2.1
Cultur;Liberdur;Cultur_Liberdur;Mix;95;2;2.1
Cultur;Liberdur;Cultur_Liberdur;Mix;80;15;18.8
Cultur;Liberdur;Cultur_Liberdur;Mix;95;70;73.7
Cultur;Liberdur;Cultur_Liberdur;Mix;90;18;20
Cultur;Liberdur;Cultur_Liberdur;Mix;98;10;10.2
Cultur;Liberdur;Cultur_Liberdur;Mix;90;7;7.8
Cultur;Liberdur;Cultur_Liberdur;Mix;92;6;6.5
Cultur;Liberdur;Cultur_Liberdur;Mix;100;10;10
Cultur;Liberdur;Cultur_Liberdur;Mix;95;10;10.5
Cultur;Liberdur;Cultur_Liberdur;Mix;85;1;1.2
Cultur;Liberdur;Cultur_Liberdur;Mix;100;20;20
Cultur;Liberdur;Cultur_Liberdur;Mix;98;25;25.5
Cultur;Liberdur;Cultur_Liberdur;Mix;100;28;28
Cultur;Liberdur;Cultur_Liberdur;Mix;100;25;25
Cultur;Obelix;Cultur_Obelix;Mix;100;22;22
Cultur;Obelix;Cultur_Obelix;Mix;100;15;15
Cultur;Obelix;Cultur_Obelix;Mix;100;5;5
Cultur;Obelix;Cultur_Obelix;Mix;100;55;55
Cultur;Obelix;Cultur_Obelix;Mix;95;10;10.5
Cultur;Obelix;Cultur_Obelix;Mix;100;30;30
Cultur;Obelix;Cultur_Obelix;Mix;100;12;12
Cultur;Obelix;Cultur_Obelix;Mix;100;35;35
Cultur;Obelix;Cultur_Obelix;Mix;80;0.2;0.3
Cultur;Obelix;Cultur_Obelix;Mix;85;1;1.2
Cultur;Obelix;Cultur_Obelix;Mix;100;0;0
Cultur;Obelix;Cultur_Obelix;Mix;75;0;0
Cultur;Obelix;Cultur_Obelix;Mix;80;3;3.8
Cultur;Obelix;Cultur_Obelix;Mix;88;0;0
Cultur;Obelix;Cultur_Obelix;Mix;75;5;6.7
Cultur;Obelix;Cultur_Obelix;Mix;95;15;15.8
Cultur;Pescadou;Cultur_Pescadou;Mix;0;0;0
Cultur;Pescadou;Cultur_Pescadou;Mix;0;0;0
Cultur;Pescadou;Cultur_Pescadou;Mix;20;0;0
Cultur;Pescadou;Cultur_Pescadou;Mix;100;0;0
Cultur;Pescadou;Cultur_Pescadou;Mix;100;0;0
Cultur;Pescadou;Cultur_Pescadou;Mix;28;12;42.9
Cultur;Pescadou;Cultur_Pescadou;Mix;40;0;0
Cultur;Pescadou;Cultur_Pescadou;Mix;80;3;3.8
Cultur;Pescadou;Cultur_Pescadou;Mix;97;0;0
Cultur;Pescadou;Cultur_Pescadou;Mix;60;0;0
Cultur;Pescadou;Cultur_Pescadou;Mix;100;0;0
Cultur;Pescadou;Cultur_Pescadou;Mix;100;0;0
Cultur;Pescadou;Cultur_Pescadou;Mix;95;5;5.3
Cultur;Pescadou;Cultur_Pescadou;Mix;80;0;0
Cultur;Pescadou;Cultur_Pescadou;Mix;70;0;0
Cultur;Pescadou;Cultur_Pescadou;Mix;70;0;0
Cultur;Sculptur;Cultur_Sculptur;Mix;100;5;5
Cultur;Sculptur;Cultur_Sculptur;Mix;100;25;25
Cultur;Sculptur;Cultur_Sculptur;Mix;100;3;3
Cultur;Sculptur;Cultur_Sculptur;Mix;100;50;50
Cultur;Sculptur;Cultur_Sculptur;Mix;100;0;0
Cultur;Sculptur;Cultur_Sculptur;Mix;100;35;35
Cultur;Sculptur;Cultur_Sculptur;Mix;100;10;10
Cultur;Sculptur;Cultur_Sculptur;Mix;100;25;25
Cultur;Sculptur;Cultur_Sculptur;Mix;95;2;2.1
Cultur;Sculptur;Cultur_Sculptur;Mix;95;5;5.3
Cultur;Sculptur;Cultur_Sculptur;Mix;100;5;5
Cultur;Sculptur;Cultur_Sculptur;Mix;82;0;0
Cultur;Sculptur;Cultur_Sculptur;Mix;85;5;5.9
Cultur;Sculptur;Cultur_Sculptur;Mix;90;2;2.2
Cultur;Sculptur;Cultur_Sculptur;Mix;75;2;2.7
Cultur;Sculptur;Cultur_Sculptur;Mix;90;5;5.6
Cultur;Surmesur;Cultur_Surmesur;Mix;100;10;10
Cultur;Surmesur;Cultur_Surmesur;Mix;100;60;60
Cultur;Surmesur;Cultur_Surmesur;Mix;100;10;10
Cultur;Surmesur;Cultur_Surmesur;Mix;100;20;20
Cultur;Surmesur;Cultur_Surmesur;Mix;95;10;10.5
Cultur;Surmesur;Cultur_Surmesur;Mix;80;20;25
Cultur;Surmesur;Cultur_Surmesur;Mix;100;6;6
Cultur;Surmesur;Cultur_Surmesur;Mix;100;20;20
Cultur;Surmesur;Cultur_Surmesur;Mix;30;0;0
Cultur;Surmesur;Cultur_Surmesur;Mix;55;0;0
Cultur;Surmesur;Cultur_Surmesur;Mix;25;0;0
Cultur;Surmesur;Cultur_Surmesur;Mix;75;0;0
Cultur;Surmesur;Cultur_Surmesur;Mix;88;1.5;1.7
Cultur;Surmesur;Cultur_Surmesur;Mix;55;0;0
Cultur;Surmesur;Cultur_Surmesur;Mix;85;1;1.2
Cultur;Surmesur;Cultur_Surmesur;Mix;95;2;2.1
Cultur;Voilur;Cultur_Voilur;Mix;90;7;7.8
Cultur;Voilur;Cultur_Voilur;Mix;80;0;0
Cultur;Voilur;Cultur_Voilur;Mix;85;5;5.9
Cultur;Voilur;Cultur_Voilur;Mix;70;0;0
Cultur;Voilur;Cultur_Voilur;Mix;95;2;2.1
Cultur;Voilur;Cultur_Voilur;Mix;95;3;3.2
Cultur;Voilur;Cultur_Voilur;Mix;90;10;11.1
Cultur;Voilur;Cultur_Voilur;Mix;80;20;25
Cultur;Voilur;Cultur_Voilur;Mix;100;18;18
Cultur;Voilur;Cultur_Voilur;Mix;98;20;20.4
Cultur;Voilur;Cultur_Voilur;Mix;100;18;18
Cultur;Voilur;Cultur_Voilur;Mix;100;2;2
Cultur;Voilur;Cultur_Voilur;Mix;78;17;21.8
Cultur;Voilur;Cultur_Voilur;Mix;75;5;6.7
Cultur;Voilur;Cultur_Voilur;Mix;88;20;22.7
Cultur;Voilur;Cultur_Voilur;Mix;100;0;0
Cultur;Voilur;Cultur_Voilur;Mix;98;6;6.1
Cultur;Voilur;Cultur_Voilur;Mix;55;0;0
Cultur;Voilur;Cultur_Voilur;Mix;38;0;0
Cultur;Voilur;Cultur_Voilur;Mix;50;0;0
Liberdur;Anvergur;Liberdur_Anvergur;Mix;95;17;17.9
Liberdur;Anvergur;Liberdur_Anvergur;Mix;90;5;5.6
Liberdur;Anvergur;Liberdur_Anvergur;Mix;100;7;7
Liberdur;Anvergur;Liberdur_Anvergur;Mix;95;5;5.3
Liberdur;Anvergur;Liberdur_Anvergur;Mix;100;10;10
Liberdur;Anvergur;Liberdur_Anvergur;Mix;60;25;41.7
Liberdur;Anvergur;Liberdur_Anvergur;Mix;100;7;7
Liberdur;Anvergur;Liberdur_Anvergur;Mix;100;8;8
Liberdur;Anvergur;Liberdur_Anvergur;Mix;100;0;0
Liberdur;Anvergur;Liberdur_Anvergur;Mix;60;3;5
Liberdur;Anvergur;Liberdur_Anvergur;Mix;100;1;1
Liberdur;Anvergur;Liberdur_Anvergur;Mix;95;0;0
Liberdur;Anvergur;Liberdur_Anvergur;Mix;100;60;60
Liberdur;Anvergur;Liberdur_Anvergur;Mix;75;25;33.3
Liberdur;Anvergur;Liberdur_Anvergur;Mix;100;40;40
Liberdur;Anvergur;Liberdur_Anvergur;Mix;100;35;35
Liberdur;Atoudur;Liberdur_Atoudur;Mix;90;20;22.2
Liberdur;Atoudur;Liberdur_Atoudur;Mix;100;10;10
Liberdur;Atoudur;Liberdur_Atoudur;Mix;100;5;5
Liberdur;Atoudur;Liberdur_Atoudur;Mix;100;20;20
Liberdur;Atoudur;Liberdur_Atoudur;Mix;100;25;25
Liberdur;Atoudur;Liberdur_Atoudur;Mix;100;27;27
Liberdur;Atoudur;Liberdur_Atoudur;Mix;92;60;65.2
Liberdur;Atoudur;Liberdur_Atoudur;Mix;88;5;5.7
Liberdur;Atoudur;Liberdur_Atoudur;Mix;40;0;0
Liberdur;Atoudur;Liberdur_Atoudur;Mix;65;0.2;0.3
Liberdur;Atoudur;Liberdur_Atoudur;Mix;55;4;7.3
Liberdur;Atoudur;Liberdur_Atoudur;Mix;65;5;7.7
Liberdur;Atoudur;Liberdur_Atoudur;Mix;80;5;6.3
Liberdur;Atoudur;Liberdur_Atoudur;Mix;85;18;21.2
Liberdur;Atoudur;Liberdur_Atoudur;Mix;40;0;0
Liberdur;Atoudur;Liberdur_Atoudur;Mix;95;22;23.2
Liberdur;Cultur;Liberdur_Cultur;Mix;35;0;0
Liberdur;Cultur;Liberdur_Cultur;Mix;90;35;38.9
Liberdur;Cultur;Liberdur_Cultur;Mix;70;10;14.3
Liberdur;Cultur;Liberdur_Cultur;Mix;35;0;0
Liberdur;Cultur;Liberdur_Cultur;Mix;100;15;15
Liberdur;Cultur;Liberdur_Cultur;Mix;100;15;15
Liberdur;Cultur;Liberdur_Cultur;Mix;100;10;10
Liberdur;Cultur;Liberdur_Cultur;Mix;100;13;13
Liberdur;Cultur;Liberdur_Cultur;Mix;95;30;31.6
Liberdur;Cultur;Liberdur_Cultur;Mix;100;30;30
Liberdur;Cultur;Liberdur_Cultur;Mix;100;15;15
Liberdur;Cultur;Liberdur_Cultur;Mix;75;18;24
Liberdur;Cultur;Liberdur_Cultur;Mix;100;50;50
Liberdur;Cultur;Liberdur_Cultur;Mix;80;40;50
Liberdur;Cultur;Liberdur_Cultur;Mix;100;50;50
Liberdur;Cultur;Liberdur_Cultur;Mix;100;6;6
Liberdur;Liberdur;Liberdur_Liberdur;Pure;100;10;10
Liberdur;Liberdur;Liberdur_Liberdur;Pure;100;12;12
Liberdur;Liberdur;Liberdur_Liberdur;Pure;100;15;15
Liberdur;Liberdur;Liberdur_Liberdur;Pure;100;10;10
Liberdur;Liberdur;Liberdur_Liberdur;Pure;100;10;10
Liberdur;Liberdur;Liberdur_Liberdur;Pure;100;15;15
Liberdur;Liberdur;Liberdur_Liberdur;Pure;100;30;30
Liberdur;Liberdur;Liberdur_Liberdur;Pure;100;2;2
Liberdur;Liberdur;Liberdur_Liberdur;Pure;40;7;17.5
Liberdur;Liberdur;Liberdur_Liberdur;Pure;75;25;33.3
Liberdur;Liberdur;Liberdur_Liberdur;Pure;100;10;10
Liberdur;Liberdur;Liberdur_Liberdur;Pure;60;27;45
Liberdur;Liberdur;Liberdur_Liberdur;Pure;75;28;37.3
Liberdur;Liberdur;Liberdur_Liberdur;Pure;78;20;25.6
Liberdur;Liberdur;Liberdur_Liberdur;Pure;100;60;60
Liberdur;Liberdur;Liberdur_Liberdur;Pure;97;10;10.3
Liberdur;Liberdur;Liberdur_Liberdur;Pure;90;0;0
Liberdur;Liberdur;Liberdur_Liberdur;Pure;70;0;0
Liberdur;Liberdur;Liberdur_Liberdur;Pure;100;1;1
Liberdur;Liberdur;Liberdur_Liberdur;Pure;90;0;0
Liberdur;Liberdur;Liberdur_Liberdur;Pure;95;0;0
Liberdur;Liberdur;Liberdur_Liberdur;Pure;100;0;0
Liberdur;Liberdur;Liberdur_Liberdur;Pure;87;0;0
Liberdur;Liberdur;Liberdur_Liberdur;Pure;100;94;94
Liberdur;Liberdur;Liberdur_Liberdur;Pure;100;55;55
Liberdur;Liberdur;Liberdur_Liberdur;Pure;95;60;63.2
Liberdur;Liberdur;Liberdur_Liberdur;Pure;95;35;36.8
Liberdur;Liberdur;Liberdur_Liberdur;Pure;100;80;80
Liberdur;Liberdur;Liberdur_Liberdur;Pure;67;45;67.2
Liberdur;Liberdur;Liberdur_Liberdur;Pure;100;57;57
Liberdur;Liberdur;Liberdur_Liberdur;Pure;50;5;10
Liberdur;Obelix;Liberdur_Obelix;Mix;100;12;12
Liberdur;Obelix;Liberdur_Obelix;Mix;100;85;85
Liberdur;Obelix;Liberdur_Obelix;Mix;90;38;42.2
Liberdur;Obelix;Liberdur_Obelix;Mix;100;55;55
Liberdur;Obelix;Liberdur_Obelix;Mix;100;20;20
Liberdur;Obelix;Liberdur_Obelix;Mix;100;75;75
Liberdur;Obelix;Liberdur_Obelix;Mix;100;8;8
Liberdur;Obelix;Liberdur_Obelix;Mix;100;5;5
Liberdur;Obelix;Liberdur_Obelix;Mix;70;5;7.1
Liberdur;Obelix;Liberdur_Obelix;Mix;50;5;10
Liberdur;Obelix;Liberdur_Obelix;Mix;100;20;20
Liberdur;Obelix;Liberdur_Obelix;Mix;85;15;17.6
Liberdur;Obelix;Liberdur_Obelix;Mix;95;20;21.1
Liberdur;Obelix;Liberdur_Obelix;Mix;100;0;0
Liberdur;Obelix;Liberdur_Obelix;Mix;100;12;12
Liberdur;Obelix;Liberdur_Obelix;Mix;100;55;55
Liberdur;Pescadou;Liberdur_Pescadou;Mix;100;0;0
Liberdur;Pescadou;Liberdur_Pescadou;Mix;100;0;0
Liberdur;Pescadou;Liberdur_Pescadou;Mix;100;0;0
Liberdur;Pescadou;Liberdur_Pescadou;Mix;100;0;0
Liberdur;Pescadou;Liberdur_Pescadou;Mix;100;35;35
Liberdur;Pescadou;Liberdur_Pescadou;Mix;100;30;30
Liberdur;Pescadou;Liberdur_Pescadou;Mix;100;25;25
Liberdur;Pescadou;Liberdur_Pescadou;Mix;97;10;10.3
Liberdur;Pescadou;Liberdur_Pescadou;Mix;82;5;6.1
Liberdur;Pescadou;Liberdur_Pescadou;Mix;85;45;52.9
Liberdur;Pescadou;Liberdur_Pescadou;Mix;80;6;7.5
Liberdur;Pescadou;Liberdur_Pescadou;Mix;80;25;31.3
Liberdur;Pescadou;Liberdur_Pescadou;Mix;90;2;2.2
Liberdur;Pescadou;Liberdur_Pescadou;Mix;90;2;2.2
Liberdur;Pescadou;Liberdur_Pescadou;Mix;90;5;5.6
Liberdur;Pescadou;Liberdur_Pescadou;Mix;85;5;5.9
Liberdur;Sculptur;Liberdur_Sculptur;Mix;25;0;0
Liberdur;Sculptur;Liberdur_Sculptur;Mix;95;18;18.9
Liberdur;Sculptur;Liberdur_Sculptur;Mix;80;10;12.5
Liberdur;Sculptur;Liberdur_Sculptur;Mix;10;0;0
Liberdur;Sculptur;Liberdur_Sculptur;Mix;95;25;26.3
Liberdur;Sculptur;Liberdur_Sculptur;Mix;50;6;12
Liberdur;Sculptur;Liberdur_Sculptur;Mix;20;1;5
Liberdur;Sculptur;Liberdur_Sculptur;Mix;100;45;45
Liberdur;Sculptur;Liberdur_Sculptur;Mix;75;1;1.3
Liberdur;Sculptur;Liberdur_Sculptur;Mix;75;5;6.7
Liberdur;Sculptur;Liberdur_Sculptur;Mix;90;30;33.3
Liberdur;Sculptur;Liberdur_Sculptur;Mix;55;17;30.9
Liberdur;Sculptur;Liberdur_Sculptur;Mix;95;30;31.6
Liberdur;Sculptur;Liberdur_Sculptur;Mix;80;40;50
Liberdur;Sculptur;Liberdur_Sculptur;Mix;80;12;15
Liberdur;Sculptur;Liberdur_Sculptur;Mix;77;5;6.5
Liberdur;Surmesur;Liberdur_Surmesur;Mix;40;2;5
Liberdur;Surmesur;Liberdur_Surmesur;Mix;3;0;0
Liberdur;Surmesur;Liberdur_Surmesur;Mix;28;1;3.6
Liberdur;Surmesur;Liberdur_Surmesur;Mix;15;0;0
Liberdur;Surmesur;Liberdur_Surmesur;Mix;100;27;27
Liberdur;Surmesur;Liberdur_Surmesur;Mix;80;25;31.3
Liberdur;Surmesur;Liberdur_Surmesur;Mix;95;35;36.8
Liberdur;Surmesur;Liberdur_Surmesur;Mix;100;45;45
Liberdur;Surmesur;Liberdur_Surmesur;Mix;100;7;7
Liberdur;Surmesur;Liberdur_Surmesur;Mix;100;55;55
Liberdur;Surmesur;Liberdur_Surmesur;Mix;100;25;25
Liberdur;Surmesur;Liberdur_Surmesur;Mix;100;5;5
Liberdur;Surmesur;Liberdur_Surmesur;Mix;55;12;21.8
Liberdur;Surmesur;Liberdur_Surmesur;Mix;50;5;10
Liberdur;Surmesur;Liberdur_Surmesur;Mix;80;20;25
Liberdur;Surmesur;Liberdur_Surmesur;Mix;75;12;16
Liberdur;Voilur;Liberdur_Voilur;Mix;100;5;5
Liberdur;Voilur;Liberdur_Voilur;Mix;100;30;30
Liberdur;Voilur;Liberdur_Voilur;Mix;100;2;2
Liberdur;Voilur;Liberdur_Voilur;Mix;100;20;20
Liberdur;Voilur;Liberdur_Voilur;Mix;100;0;0
Liberdur;Voilur;Liberdur_Voilur;Mix;0;0;0
Liberdur;Voilur;Liberdur_Voilur;Mix;5;0;0
Liberdur;Voilur;Liberdur_Voilur;Mix;90;0;0
Liberdur;Voilur;Liberdur_Voilur;Mix;55;45;81.8
Liberdur;Voilur;Liberdur_Voilur;Mix;100;20;20
Liberdur;Voilur;Liberdur_Voilur;Mix;40;12;30
Liberdur;Voilur;Liberdur_Voilur;Mix;75;3;4
Liberdur;Voilur;Liberdur_Voilur;Mix;55;0;0
Liberdur;Voilur;Liberdur_Voilur;Mix;100;75;75
Liberdur;Voilur;Liberdur_Voilur;Mix;100;42;42
Liberdur;Voilur;Liberdur_Voilur;Mix;100;30;30
Obelix;Anvergur;Obelix_Anvergur;Mix;95;0;0
Obelix;Anvergur;Obelix_Anvergur;Mix;75;0;0
Obelix;Anvergur;Obelix_Anvergur;Mix;90;0;0
Obelix;Anvergur;Obelix_Anvergur;Mix;70;0;0
Obelix;Anvergur;Obelix_Anvergur;Mix;25;0;0
Obelix;Anvergur;Obelix_Anvergur;Mix;85;0;0
Obelix;Anvergur;Obelix_Anvergur;Mix;80;0;0
Obelix;Anvergur;Obelix_Anvergur;Mix;55;1;1.8
Obelix;Anvergur;Obelix_Anvergur;Mix;75;0;0
Obelix;Anvergur;Obelix_Anvergur;Mix;35;0;0
Obelix;Anvergur;Obelix_Anvergur;Mix;45;0;0
Obelix;Anvergur;Obelix_Anvergur;Mix;30;0;0
Obelix;Anvergur;Obelix_Anvergur;Mix;100;10;10
Obelix;Anvergur;Obelix_Anvergur;Mix;80;0;0
Obelix;Anvergur;Obelix_Anvergur;Mix;95;0.5;0.5
Obelix;Anvergur;Obelix_Anvergur;Mix;80;0;0
Obelix;Atoudur;Obelix_Atoudur;Mix;100;5;5
Obelix;Atoudur;Obelix_Atoudur;Mix;100;0;0
Obelix;Atoudur;Obelix_Atoudur;Mix;100;0;0
Obelix;Atoudur;Obelix_Atoudur;Mix;100;0;0
Obelix;Atoudur;Obelix_Atoudur;Mix;90;0;0
Obelix;Atoudur;Obelix_Atoudur;Mix;75;0;0
Obelix;Atoudur;Obelix_Atoudur;Mix;100;20;20
Obelix;Atoudur;Obelix_Atoudur;Mix;65;0;0
Obelix;Atoudur;Obelix_Atoudur;Mix;90;0;0
Obelix;Atoudur;Obelix_Atoudur;Mix;40;0;0
Obelix;Atoudur;Obelix_Atoudur;Mix;50;0;0
Obelix;Atoudur;Obelix_Atoudur;Mix;75;0;0
Obelix;Atoudur;Obelix_Atoudur;Mix;9;0;0
Obelix;Atoudur;Obelix_Atoudur;Mix;80;0;0
Obelix;Atoudur;Obelix_Atoudur;Mix;80;0;0
Obelix;Atoudur;Obelix_Atoudur;Mix;50;0;0
Obelix;Cultur;Obelix_Cultur;Mix;90;0;0
Obelix;Cultur;Obelix_Cultur;Mix;80;0;0
Obelix;Cultur;Obelix_Cultur;Mix;100;0;0
Obelix;Cultur;Obelix_Cultur;Mix;95;0;0
Obelix;Cultur;Obelix_Cultur;Mix;50;0;0
Obelix;Cultur;Obelix_Cultur;Mix;100;5;5
Obelix;Cultur;Obelix_Cultur;Mix;100;0;0
Obelix;Cultur;Obelix_Cultur;Mix;100;0;0
Obelix;Cultur;Obelix_Cultur;Mix;95;0;0
Obelix;Cultur;Obelix_Cultur;Mix;80;0;0
Obelix;Cultur;Obelix_Cultur;Mix;95;0;0
Obelix;Cultur;Obelix_Cultur;Mix;45;0;0
Obelix;Cultur;Obelix_Cultur;Mix;80;0;0
Obelix;Cultur;Obelix_Cultur;Mix;85;0;0
Obelix;Cultur;Obelix_Cultur;Mix;70;0;0
Obelix;Cultur;Obelix_Cultur;Mix;75;0;0
Obelix;Liberdur;Obelix_Liberdur;Mix;100;0;0
Obelix;Liberdur;Obelix_Liberdur;Mix;100;0;0
Obelix;Liberdur;Obelix_Liberdur;Mix;100;0;0
Obelix;Liberdur;Obelix_Liberdur;Mix;100;0;0
Obelix;Liberdur;Obelix_Liberdur;Mix;100;0;0
Obelix;Liberdur;Obelix_Liberdur;Mix;100;0;0
Obelix;Liberdur;Obelix_Liberdur;Mix;100;0;0
Obelix;Liberdur;Obelix_Liberdur;Mix;100;0;0
Obelix;Liberdur;Obelix_Liberdur;Mix;35;0;0
Obelix;Liberdur;Obelix_Liberdur;Mix;55;0;0
Obelix;Liberdur;Obelix_Liberdur;Mix;30;0;0
Obelix;Liberdur;Obelix_Liberdur;Mix;30;0;0
Obelix;Liberdur;Obelix_Liberdur;Mix;90;0;0
Obelix;Liberdur;Obelix_Liberdur;Mix;85;0;0
Obelix;Liberdur;Obelix_Liberdur;Mix;100;0;0
Obelix;Liberdur;Obelix_Liberdur;Mix;95;0;0
Obelix;Obelix;Obelix_Obelix;Pure;70;0;0
Obelix;Obelix;Obelix_Obelix;Pure;80;0;0
Obelix;Obelix;Obelix_Obelix;Pure;70;0;0
Obelix;Obelix;Obelix_Obelix;Pure;65;0;0
Obelix;Obelix;Obelix_Obelix;Pure;85;0;0
Obelix;Obelix;Obelix_Obelix;Pure;45;0;0
Obelix;Obelix;Obelix_Obelix;Pure;70;0;0
Obelix;Obelix;Obelix_Obelix;Pure;60;0;0
Obelix;Obelix;Obelix_Obelix;Pure;75;0;0
Obelix;Obelix;Obelix_Obelix;Pure;85;0;0
Obelix;Obelix;Obelix_Obelix;Pure;20;0;0
Obelix;Obelix;Obelix_Obelix;Pure;100;0;0
Obelix;Obelix;Obelix_Obelix;Pure;90;1;1.1
Obelix;Obelix;Obelix_Obelix;Pure;90;0;0
Obelix;Obelix;Obelix_Obelix;Pure;25;0;0
Obelix;Obelix;Obelix_Obelix;Pure;25;0;0
Obelix;Obelix;Obelix_Obelix;Pure;65;0;0
Obelix;Obelix;Obelix_Obelix;Pure;90;0;0
Obelix;Obelix;Obelix_Obelix;Pure;90;0;0
Obelix;Obelix;Obelix_Obelix;Pure;0;0;
Obelix;Obelix;Obelix_Obelix;Pure;75;0;0
Obelix;Obelix;Obelix_Obelix;Pure;88;0;0
Obelix;Obelix;Obelix_Obelix;Pure;92;0;0
Obelix;Obelix;Obelix_Obelix;Pure;95;10;10.5
Obelix;Obelix;Obelix_Obelix;Pure;85;0;0
Obelix;Obelix;Obelix_Obelix;Pure;95;0;0
Obelix;Obelix;Obelix_Obelix;Pure;95;0;0
Obelix;Obelix;Obelix_Obelix;Pure;95;0;0
Obelix;Obelix;Obelix_Obelix;Pure;95;0;0
Obelix;Obelix;Obelix_Obelix;Pure;75;0;0
Obelix;Obelix;Obelix_Obelix;Pure;75;2;2.7
Obelix;Pescadou;Obelix_Pescadou;Mix;45;0;0
Obelix;Pescadou;Obelix_Pescadou;Mix;40;0;0
Obelix;Pescadou;Obelix_Pescadou;Mix;65;0;0
Obelix;Pescadou;Obelix_Pescadou;Mix;60;0;0
Obelix;Pescadou;Obelix_Pescadou;Mix;50;0;0
Obelix;Pescadou;Obelix_Pescadou;Mix;88;0;0
Obelix;Pescadou;Obelix_Pescadou;Mix;88;0;0
Obelix;Pescadou;Obelix_Pescadou;Mix;80;0;0
Obelix;Pescadou;Obelix_Pescadou;Mix;75;0;0
Obelix;Pescadou;Obelix_Pescadou;Mix;0;0;
Obelix;Pescadou;Obelix_Pescadou;Mix;60;0;0
Obelix;Pescadou;Obelix_Pescadou;Mix;80;0;0
Obelix;Pescadou;Obelix_Pescadou;Mix;100;0;0
Obelix;Pescadou;Obelix_Pescadou;Mix;100;0;0
Obelix;Pescadou;Obelix_Pescadou;Mix;90;0;0
Obelix;Pescadou;Obelix_Pescadou;Mix;100;0;0
Obelix;Sculptur;Obelix_Sculptur;Mix;100;0;0
Obelix;Sculptur;Obelix_Sculptur;Mix;100;2;2
Obelix;Sculptur;Obelix_Sculptur;Mix;100;0;0
Obelix;Sculptur;Obelix_Sculptur;Mix;100;0;0
Obelix;Sculptur;Obelix_Sculptur;Mix;100;0;0
Obelix;Sculptur;Obelix_Sculptur;Mix;100;0;0
Obelix;Sculptur;Obelix_Sculptur;Mix;100;0;0
Obelix;Sculptur;Obelix_Sculptur;Mix;30;0;0
Obelix;Sculptur;Obelix_Sculptur;Mix;50;0;0
Obelix;Sculptur;Obelix_Sculptur;Mix;90;0;0
Obelix;Sculptur;Obelix_Sculptur;Mix;60;0;0
Obelix;Sculptur;Obelix_Sculptur;Mix;35;0;0
Obelix;Sculptur;Obelix_Sculptur;Mix;90;0;0
Obelix;Sculptur;Obelix_Sculptur;Mix;95;0;0
Obelix;Sculptur;Obelix_Sculptur;Mix;75;0;0
Obelix;Surmesur;Obelix_Surmesur;Mix;100;0;0
Obelix;Surmesur;Obelix_Surmesur;Mix;100;0;0
Obelix;Surmesur;Obelix_Surmesur;Mix;100;0;0
Obelix;Surmesur;Obelix_Surmesur;Mix;100;0;0
Obelix;Surmesur;Obelix_Surmesur;Mix;100;0;0
Obelix;Surmesur;Obelix_Surmesur;Mix;100;0;0
Obelix;Surmesur;Obelix_Surmesur;Mix;100;0;0
Obelix;Surmesur;Obelix_Surmesur;Mix;38;0;0
Obelix;Surmesur;Obelix_Surmesur;Mix;80;0;0
Obelix;Surmesur;Obelix_Surmesur;Mix;30;0;0
Obelix;Surmesur;Obelix_Surmesur;Mix;100;0;0
Obelix;Surmesur;Obelix_Surmesur;Mix;95;0;0
Obelix;Surmesur;Obelix_Surmesur;Mix;80;0;0
Obelix;Surmesur;Obelix_Surmesur;Mix;98;0;0
Obelix;Voilur;Obelix_Voilur;Mix;95;0;0
Obelix;Voilur;Obelix_Voilur;Mix;100;0;0
Obelix;Voilur;Obelix_Voilur;Mix;75;0;0
Obelix;Voilur;Obelix_Voilur;Mix;50;0;0
Obelix;Voilur;Obelix_Voilur;Mix;35;0;0
Obelix;Voilur;Obelix_Voilur;Mix;30;0;0
Obelix;Voilur;Obelix_Voilur;Mix;95;0;0
Obelix;Voilur;Obelix_Voilur;Mix;100;0;0
Obelix;Voilur;Obelix_Voilur;Mix;60;0;0
Obelix;Voilur;Obelix_Voilur;Mix;20;0;0
Obelix;Voilur;Obelix_Voilur;Mix;65;0;0
Obelix;Voilur;Obelix_Voilur;Mix;40;0;0
Obelix;Voilur;Obelix_Voilur;Mix;30;0;0
Obelix;Voilur;Obelix_Voilur;Mix;100;0;0
Obelix;Voilur;Obelix_Voilur;Mix;100;0;0
Obelix;Voilur;Obelix_Voilur;Mix;100;0;0
Pescadou;Anvergur;Pescadou_Anvergur;Mix;25;12;48
Pescadou;Anvergur;Pescadou_Anvergur;Mix;100;50;50
Pescadou;Anvergur;Pescadou_Anvergur;Mix;65;40;61.5
Pescadou;Anvergur;Pescadou_Anvergur;Mix;60;8;13.3
Pescadou;Anvergur;Pescadou_Anvergur;Mix;80;45;56.3
Pescadou;Anvergur;Pescadou_Anvergur;Mix;18;10;55.6
Pescadou;Anvergur;Pescadou_Anvergur;Mix;18;13;72.2
Pescadou;Anvergur;Pescadou_Anvergur;Mix;95;80;84.2
Pescadou;Anvergur;Pescadou_Anvergur;Mix;95;20;21.1
Pescadou;Anvergur;Pescadou_Anvergur;Mix;93;5;5.4
Pescadou;Anvergur;Pescadou_Anvergur;Mix;75;2;2.7
Pescadou;Anvergur;Pescadou_Anvergur;Mix;100;50;50
Pescadou;Anvergur;Pescadou_Anvergur;Mix;100;25;25
Pescadou;Anvergur;Pescadou_Anvergur;Mix;95;5;5.3
Pescadou;Anvergur;Pescadou_Anvergur;Mix;50;0;0
Pescadou;Anvergur;Pescadou_Anvergur;Mix;45;0;0
Pescadou;Atoudur;Pescadou_Atoudur;Mix;75;30;40
Pescadou;Atoudur;Pescadou_Atoudur;Mix;100;35;35
Pescadou;Atoudur;Pescadou_Atoudur;Mix;60;5;8.3
Pescadou;Atoudur;Pescadou_Atoudur;Mix;35;0;0
Pescadou;Atoudur;Pescadou_Atoudur;Mix;100;55;55
Pescadou;Atoudur;Pescadou_Atoudur;Mix;100;75;75
Pescadou;Atoudur;Pescadou_Atoudur;Mix;50;38;76
Pescadou;Atoudur;Pescadou_Atoudur;Mix;20;15;75
Pescadou;Atoudur;Pescadou_Atoudur;Mix;95;20;21.1
Pescadou;Atoudur;Pescadou_Atoudur;Mix;100;25;25
Pescadou;Atoudur;Pescadou_Atoudur;Mix;15;7;46.7
Pescadou;Atoudur;Pescadou_Atoudur;Mix;55;5;9.1
Pescadou;Atoudur;Pescadou_Atoudur;Mix;50;47;94
Pescadou;Atoudur;Pescadou_Atoudur;Mix;100;40;40
Pescadou;Atoudur;Pescadou_Atoudur;Mix;90;40;44.4
Pescadou;Atoudur;Pescadou_Atoudur;Mix;55;48;87.3
Pescadou;Cultur;Pescadou_Cultur;Mix;100;27;27
Pescadou;Cultur;Pescadou_Cultur;Mix;50;40;80
Pescadou;Cultur;Pescadou_Cultur;Mix;50;5;10
Pescadou;Cultur;Pescadou_Cultur;Mix;95;65;68.4
Pescadou;Cultur;Pescadou_Cultur;Mix;25;18;72
Pescadou;Cultur;Pescadou_Cultur;Mix;45;30;66.7
Pescadou;Cultur;Pescadou_Cultur;Mix;50;27;54
Pescadou;Cultur;Pescadou_Cultur;Mix;40;8;20
Pescadou;Cultur;Pescadou_Cultur;Mix;50;10;20
Pescadou;Cultur;Pescadou_Cultur;Mix;22;3;13.6
Pescadou;Cultur;Pescadou_Cultur;Mix;75;5;6.7
Pescadou;Cultur;Pescadou_Cultur;Mix;100;88;88
Pescadou;Cultur;Pescadou_Cultur;Mix;60;0;0
Pescadou;Cultur;Pescadou_Cultur;Mix;65;2;3.1
Pescadou;Cultur;Pescadou_Cultur;Mix;20;0;0
Pescadou;Liberdur;Pescadou_Liberdur;Mix;80;30;37.5
Pescadou;Liberdur;Pescadou_Liberdur;Mix;100;80;80
Pescadou;Liberdur;Pescadou_Liberdur;Mix;100;85;85
Pescadou;Liberdur;Pescadou_Liberdur;Mix;80;45;56.3
Pescadou;Liberdur;Pescadou_Liberdur;Mix;50;35;70
Pescadou;Liberdur;Pescadou_Liberdur;Mix;95;38;40
Pescadou;Liberdur;Pescadou_Liberdur;Mix;10;6;60
Pescadou;Liberdur;Pescadou_Liberdur;Mix;7;1;14.3
Pescadou;Liberdur;Pescadou_Liberdur;Mix;100;85;85
Pescadou;Liberdur;Pescadou_Liberdur;Mix;60;55;91.7
Pescadou;Liberdur;Pescadou_Liberdur;Mix;93;20;21.5
Pescadou;Liberdur;Pescadou_Liberdur;Mix;75;20;26.7
Pescadou;Liberdur;Pescadou_Liberdur;Mix;95;38;40
Pescadou;Liberdur;Pescadou_Liberdur;Mix;100;98;98
Pescadou;Liberdur;Pescadou_Liberdur;Mix;95;85;89.5
Pescadou;Obelix;Pescadou_Obelix;Mix;95;35;36.8
Pescadou;Obelix;Pescadou_Obelix;Mix;95;50;52.6
Pescadou;Obelix;Pescadou_Obelix;Mix;45;38;84.4
Pescadou;Obelix;Pescadou_Obelix;Mix;70;50;71.4
Pescadou;Obelix;Pescadou_Obelix;Mix;40;22;55
Pescadou;Obelix;Pescadou_Obelix;Mix;30;17;56.7
Pescadou;Obelix;Pescadou_Obelix;Mix;100;15;15
Pescadou;Obelix;Pescadou_Obelix;Mix;82;33;40.2
Pescadou;Obelix;Pescadou_Obelix;Mix;85;25;29.4
Pescadou;Obelix;Pescadou_Obelix;Mix;80;55;68.8
Pescadou;Obelix;Pescadou_Obelix;Mix;50;46;92
Pescadou;Obelix;Pescadou_Obelix;Mix;100;92;92
Pescadou;Obelix;Pescadou_Obelix;Mix;92;50;54.3
Pescadou;Obelix;Pescadou_Obelix;Mix;75;35;46.7
Pescadou;Pescadou;Pescadou_Pescadou;Pure;100;15;15
Pescadou;Pescadou;Pescadou_Pescadou;Pure;60;40;66.7
Pescadou;Pescadou;Pescadou_Pescadou;Pure;92;15;16.3
Pescadou;Pescadou;Pescadou_Pescadou;Pure;75;40;53.3
Pescadou;Pescadou;Pescadou_Pescadou;Pure;97;50;51.5
Pescadou;Pescadou;Pescadou_Pescadou;Pure;90;55;61.1
Pescadou;Pescadou;Pescadou_Pescadou;Pure;90;3;3.3
Pescadou;Pescadou;Pescadou_Pescadou;Pure;98;10;10.2
Pescadou;Pescadou;Pescadou_Pescadou;Pure;90;60;66.7
Pescadou;Pescadou;Pescadou_Pescadou;Pure;90;80;88.9
Pescadou;Pescadou;Pescadou_Pescadou;Pure;22;10;45.5
Pescadou;Pescadou;Pescadou_Pescadou;Pure;95;25;26.3
Pescadou;Pescadou;Pescadou_Pescadou;Pure;100;15;15
Pescadou;Pescadou;Pescadou_Pescadou;Pure;50;5;10
Pescadou;Pescadou;Pescadou_Pescadou;Pure;95;15;15.8
Pescadou;Pescadou;Pescadou_Pescadou;Pure;48;40;83.3
Pescadou;Pescadou;Pescadou_Pescadou;Pure;55;12;21.8
Pescadou;Pescadou;Pescadou_Pescadou;Pure;70;10;14.3
Pescadou;Pescadou;Pescadou_Pescadou;Pure;35;5;14.3
Pescadou;Pescadou;Pescadou_Pescadou;Pure;70;15;21.4
Pescadou;Pescadou;Pescadou_Pescadou;Pure;75;2;2.7
Pescadou;Pescadou;Pescadou_Pescadou;Pure;75;5;6.7
Pescadou;Pescadou;Pescadou_Pescadou;Pure;85;6;7.1
Pescadou;Pescadou;Pescadou_Pescadou;Pure;90;10;11.1
Pescadou;Pescadou;Pescadou_Pescadou;Pure;75;0;0
Pescadou;Pescadou;Pescadou_Pescadou;Pure;70;25;35.7
Pescadou;Pescadou;Pescadou_Pescadou;Pure;70;3;4.3
Pescadou;Pescadou;Pescadou_Pescadou;Pure;55;0;0
Pescadou;Pescadou;Pescadou_Pescadou;Pure;95;35;36.8
Pescadou;Pescadou;Pescadou_Pescadou;Pure;70;0;0
Pescadou;Sculptur;Pescadou_Sculptur;Mix;100;2;2
Pescadou;Sculptur;Pescadou_Sculptur;Mix;90;50;55.6
Pescadou;Sculptur;Pescadou_Sculptur;Mix;50;15;30
Pescadou;Sculptur;Pescadou_Sculptur;Mix;2;0;0
Pescadou;Sculptur;Pescadou_Sculptur;Mix;92;28;30.4
Pescadou;Sculptur;Pescadou_Sculptur;Mix;85;5;5.9
Pescadou;Sculptur;Pescadou_Sculptur;Mix;65;5;7.7
Pescadou;Sculptur;Pescadou_Sculptur;Mix;45;10;22.2
Pescadou;Sculptur;Pescadou_Sculptur;Mix;100;70;70
Pescadou;Sculptur;Pescadou_Sculptur;Mix;35;0;0
Pescadou;Sculptur;Pescadou_Sculptur;Mix;100;38;38
Pescadou;Surmesur;Pescadou_Surmesur;Mix;100;55;55
Pescadou;Surmesur;Pescadou_Surmesur;Mix;80;65;81.3
Pescadou;Surmesur;Pescadou_Surmesur;Mix;100;80;80
Pescadou;Surmesur;Pescadou_Surmesur;Mix;100;80;80
Pescadou;Surmesur;Pescadou_Surmesur;Mix;100;6;6
Pescadou;Surmesur;Pescadou_Surmesur;Mix;100;3;3
Pescadou;Surmesur;Pescadou_Surmesur;Mix;100;0;0
Pescadou;Surmesur;Pescadou_Surmesur;Mix;95;28;29.5
Pescadou;Surmesur;Pescadou_Surmesur;Mix;98;37;37.8
Pescadou;Surmesur;Pescadou_Surmesur;Mix;90;10;11.1
Pescadou;Surmesur;Pescadou_Surmesur;Mix;0;0;
Pescadou;Surmesur;Pescadou_Surmesur;Mix;0;0;
Pescadou;Surmesur;Pescadou_Surmesur;Mix;0;0;
Pescadou;Surmesur;Pescadou_Surmesur;Mix;0;0;
Pescadou;Surmesur;Pescadou_Surmesur;Mix;100;88;88
Pescadou;Surmesur;Pescadou_Surmesur;Mix;95;25;26.3
Pescadou;Surmesur;Pescadou_Surmesur;Mix;85;80;94.1
Pescadou;Surmesur;Pescadou_Surmesur;Mix;65;20;30.8
Pescadou;Voilur;Pescadou_Voilur;Mix;65;53;81.5
Pescadou;Voilur;Pescadou_Voilur;Mix;100;55;55
Pescadou;Voilur;Pescadou_Voilur;Mix;100;90;90
Pescadou;Voilur;Pescadou_Voilur;Mix;100;47;47
Pescadou;Voilur;Pescadou_Voilur;Mix;100;50;50
Pescadou;Voilur;Pescadou_Voilur;Mix;100;45;45
Pescadou;Voilur;Pescadou_Voilur;Mix;100;50;50
Pescadou;Voilur;Pescadou_Voilur;Mix;75;62;82.7
Pescadou;Voilur;Pescadou_Voilur;Mix;100;3;3
Pescadou;Voilur;Pescadou_Voilur;Mix;100;30;30
Pescadou;Voilur;Pescadou_Voilur;Mix;100;50;50
Pescadou;Voilur;Pescadou_Voilur;Mix;75;38;50.7
Pescadou;Voilur;Pescadou_Voilur;Mix;10;5;50
Pescadou;Voilur;Pescadou_Voilur;Mix;100;80;80
Pescadou;Voilur;Pescadou_Voilur;Mix;70;12;17.1
Pescadou;Voilur;Pescadou_Voilur;Mix;100;40;40
Sculptur;Anvergur;Sculptur_Anvergur;Mix;82;2;2.4
Sculptur;Anvergur;Sculptur_Anvergur;Mix;85;0;0
Sculptur;Anvergur;Sculptur_Anvergur;Mix;70;0;0
Sculptur;Anvergur;Sculptur_Anvergur;Mix;18;2;11.1
Sculptur;Anvergur;Sculptur_Anvergur;Mix;50;8;16
Sculptur;Anvergur;Sculptur_Anvergur;Mix;40;5;12.5
Sculptur;Anvergur;Sculptur_Anvergur;Mix;80;1;1.3
Sculptur;Anvergur;Sculptur_Anvergur;Mix;40;2;5
Sculptur;Anvergur;Sculptur_Anvergur;Mix;10;0;0
Sculptur;Anvergur;Sculptur_Anvergur;Mix;17;0;0
Sculptur;Anvergur;Sculptur_Anvergur;Mix;5;0;0
Sculptur;Anvergur;Sculptur_Anvergur;Mix;10;0;0
Sculptur;Anvergur;Sculptur_Anvergur;Mix;88;4;4.5
Sculptur;Anvergur;Sculptur_Anvergur;Mix;55;1;1.8
Sculptur;Anvergur;Sculptur_Anvergur;Mix;2;0;0
Sculptur;Anvergur;Sculptur_Anvergur;Mix;45;35;77.8
Sculptur;Atoudur;Sculptur_Atoudur;Mix;100;0;0
Sculptur;Atoudur;Sculptur_Atoudur;Mix;100;0;0
Sculptur;Atoudur;Sculptur_Atoudur;Mix;100;0;0
Sculptur;Atoudur;Sculptur_Atoudur;Mix;100;0;0
Sculptur;Atoudur;Sculptur_Atoudur;Mix;15;2;13.3
Sculptur;Atoudur;Sculptur_Atoudur;Mix;100;2;2
Sculptur;Atoudur;Sculptur_Atoudur;Mix;98;0;0
Sculptur;Atoudur;Sculptur_Atoudur;Mix;100;0;0
Sculptur;Atoudur;Sculptur_Atoudur;Mix;5;0;0
Sculptur;Atoudur;Sculptur_Atoudur;Mix;10;0;0
Sculptur;Atoudur;Sculptur_Atoudur;Mix;5;0;0
Sculptur;Atoudur;Sculptur_Atoudur;Mix;5;0;0
Sculptur;Atoudur;Sculptur_Atoudur;Mix;75;30;40
Sculptur;Atoudur;Sculptur_Atoudur;Mix;88;35;39.8
Sculptur;Atoudur;Sculptur_Atoudur;Mix;60;15;25
Sculptur;Atoudur;Sculptur_Atoudur;Mix;77;25;32.5
Sculptur;Cultur;Sculptur_Cultur;Mix;100;2;2
Sculptur;Cultur;Sculptur_Cultur;Mix;100;0;0
Sculptur;Cultur;Sculptur_Cultur;Mix;90;0;0
Sculptur;Cultur;Sculptur_Cultur;Mix;100;0;0
Sculptur;Cultur;Sculptur_Cultur;Mix;75;5;6.7
Sculptur;Cultur;Sculptur_Cultur;Mix;30;0;0
Sculptur;Cultur;Sculptur_Cultur;Mix;55;1;1.8
Sculptur;Cultur;Sculptur_Cultur;Mix;100;2;2
Sculptur;Cultur;Sculptur_Cultur;Mix;10;0;0
Sculptur;Cultur;Sculptur_Cultur;Mix;50;0;0
Sculptur;Cultur;Sculptur_Cultur;Mix;20;0;0
Sculptur;Cultur;Sculptur_Cultur;Mix;35;0;0
Sculptur;Cultur;Sculptur_Cultur;Mix;50;0;0
Sculptur;Cultur;Sculptur_Cultur;Mix;70;0;0
Sculptur;Cultur;Sculptur_Cultur;Mix;50;0;0
Sculptur;Cultur;Sculptur_Cultur;Mix;60;7;11.7
Sculptur;Liberdur;Sculptur_Liberdur;Mix;90;0;0
Sculptur;Liberdur;Sculptur_Liberdur;Mix;75;1;1.3
Sculptur;Liberdur;Sculptur_Liberdur;Mix;75;1;1.3
Sculptur;Liberdur;Sculptur_Liberdur;Mix;100;0;0
Sculptur;Liberdur;Sculptur_Liberdur;Mix;2;0;0
Sculptur;Liberdur;Sculptur_Liberdur;Mix;1;0;0
Sculptur;Liberdur;Sculptur_Liberdur;Mix;6;0;0
Sculptur;Liberdur;Sculptur_Liberdur;Mix;2;0;0
Sculptur;Liberdur;Sculptur_Liberdur;Mix;1;0;0
Sculptur;Liberdur;Sculptur_Liberdur;Mix;0;0;
Sculptur;Liberdur;Sculptur_Liberdur;Mix;2;0;0
Sculptur;Liberdur;Sculptur_Liberdur;Mix;10;0;0
Sculptur;Liberdur;Sculptur_Liberdur;Mix;15;7;46.7
Sculptur;Liberdur;Sculptur_Liberdur;Mix;20;15;75
Sculptur;Liberdur;Sculptur_Liberdur;Mix;65;6;9.2
Sculptur;Liberdur;Sculptur_Liberdur;Mix;75;10;13.3
Sculptur;Obelix;Sculptur_Obelix;Mix;100;2;2
Sculptur;Obelix;Sculptur_Obelix;Mix;97;5;5.2
Sculptur;Obelix;Sculptur_Obelix;Mix;100;1;1
Sculptur;Obelix;Sculptur_Obelix;Mix;65;3;4.6
Sculptur;Obelix;Sculptur_Obelix;Mix;100;0;0
Sculptur;Obelix;Sculptur_Obelix;Mix;100;0;0
Sculptur;Obelix;Sculptur_Obelix;Mix;50;0;0
Sculptur;Obelix;Sculptur_Obelix;Mix;100;0;0
Sculptur;Obelix;Sculptur_Obelix;Mix;60;0;0
Sculptur;Obelix;Sculptur_Obelix;Mix;20;0;0
Sculptur;Obelix;Sculptur_Obelix;Mix;75;0;0
Sculptur;Obelix;Sculptur_Obelix;Mix;70;18;25.7
Sculptur;Obelix;Sculptur_Obelix;Mix;8;0.5;6.3
Sculptur;Obelix;Sculptur_Obelix;Mix;50;0;0
Sculptur;Obelix;Sculptur_Obelix;Mix;55;1.5;2.7
Sculptur;Pescadou;Sculptur_Pescadou;Mix;60;3;5
Sculptur;Pescadou;Sculptur_Pescadou;Mix;100;0.5;0.5
Sculptur;Pescadou;Sculptur_Pescadou;Mix;80;55;68.8
Sculptur;Pescadou;Sculptur_Pescadou;Mix;58;8;13.8
Sculptur;Pescadou;Sculptur_Pescadou;Mix;97;5;5.2
Sculptur;Pescadou;Sculptur_Pescadou;Mix;80;0;0
Sculptur;Pescadou;Sculptur_Pescadou;Mix;75;0;0
Sculptur;Pescadou;Sculptur_Pescadou;Mix;50;0.5;1
Sculptur;Pescadou;Sculptur_Pescadou;Mix;75;2;2.7
Sculptur;Pescadou;Sculptur_Pescadou;Mix;85;1;1.2
Sculptur;Pescadou;Sculptur_Pescadou;Mix;65;0;0
Sculptur;Pescadou;Sculptur_Pescadou;Mix;87;2;2.3
Sculptur;Sculptur;Sculptur_Sculptur;Pure;97;0;0
Sculptur;Sculptur;Sculptur_Sculptur;Pure;75;0;0
Sculptur;Sculptur;Sculptur_Sculptur;Pure;30;0;0
Sculptur;Sculptur;Sculptur_Sculptur;Pure;7;0;0
Sculptur;Sculptur;Sculptur_Sculptur;Pure;100;0;0
Sculptur;Sculptur;Sculptur_Sculptur;Pure;100;2;2
Sculptur;Sculptur;Sculptur_Sculptur;Pure;100;0;0
Sculptur;Sculptur;Sculptur_Sculptur;Pure;100;5;5
Sculptur;Sculptur;Sculptur_Sculptur;Pure;90;5;5.6
Sculptur;Sculptur;Sculptur_Sculptur;Pure;100;0;0
Sculptur;Sculptur;Sculptur_Sculptur;Pure;100;0;0
Sculptur;Sculptur;Sculptur_Sculptur;Pure;100;0;0
Sculptur;Sculptur;Sculptur_Sculptur;Pure;100;0;0
Sculptur;Sculptur;Sculptur_Sculptur;Pure;100;0;0
Sculptur;Sculptur;Sculptur_Sculptur;Pure;28;1;3.6
Sculptur;Sculptur;Sculptur_Sculptur;Pure;2;0;0
Sculptur;Sculptur;Sculptur_Sculptur;Pure;25;0;0
Sculptur;Sculptur;Sculptur_Sculptur;Pure;5;0;0
Sculptur;Sculptur;Sculptur_Sculptur;Pure;20;0;0
Sculptur;Sculptur;Sculptur_Sculptur;Pure;6;0;0
Sculptur;Sculptur;Sculptur_Sculptur;Pure;3;0;0
Sculptur;Sculptur;Sculptur_Sculptur;Pure;75;0;0
Sculptur;Sculptur;Sculptur_Sculptur;Pure;3;0;0
Sculptur;Sculptur;Sculptur_Sculptur;Pure;22;3;13.6
Sculptur;Sculptur;Sculptur_Sculptur;Pure;55;2;3.6
Sculptur;Sculptur;Sculptur_Sculptur;Pure;100;1;1
Sculptur;Sculptur;Sculptur_Sculptur;Pure;5;0.5;10
Sculptur;Sculptur;Sculptur_Sculptur;Pure;92;1;1.1
Sculptur;Sculptur;Sculptur_Sculptur;Pure;80;6;7.5
Sculptur;Sculptur;Sculptur_Sculptur;Pure;90;10;11.1
Sculptur;Surmesur;Sculptur_Surmesur;Mix;30;20;66.7
Sculptur;Surmesur;Sculptur_Surmesur;Mix;30;5;16.7
Sculptur;Surmesur;Sculptur_Surmesur;Mix;50;6;12
Sculptur;Surmesur;Sculptur_Surmesur;Mix;100;5;5
Sculptur;Surmesur;Sculptur_Surmesur;Mix;100;0;0
Sculptur;Surmesur;Sculptur_Surmesur;Mix;100;0;0
Sculptur;Surmesur;Sculptur_Surmesur;Mix;100;0;0
Sculptur;Surmesur;Sculptur_Surmesur;Mix;100;0;0
Sculptur;Surmesur;Sculptur_Surmesur;Mix;6;0.5;8.3
Sculptur;Surmesur;Sculptur_Surmesur;Mix;60;2;3.3
Sculptur;Surmesur;Sculptur_Surmesur;Mix;10;0;0
Sculptur;Surmesur;Sculptur_Surmesur;Mix;40;0.2;0.5
Sculptur;Surmesur;Sculptur_Surmesur;Mix;25;5;20
Sculptur;Surmesur;Sculptur_Surmesur;Mix;65;10;15.4
Sculptur;Surmesur;Sculptur_Surmesur;Mix;60;5;8.3
Sculptur;Surmesur;Sculptur_Surmesur;Mix;100;3;3
Sculptur;Voilur;Sculptur_Voilur;Mix;0;0;
Sculptur;Voilur;Sculptur_Voilur;Mix;35;0;0
Sculptur;Voilur;Sculptur_Voilur;Mix;92;0;0
Sculptur;Voilur;Sculptur_Voilur;Mix;80;0;0
Sculptur;Voilur;Sculptur_Voilur;Mix;100;0;0
Sculptur;Voilur;Sculptur_Voilur;Mix;100;0;0
Sculptur;Voilur;Sculptur_Voilur;Mix;100;0;0
Sculptur;Voilur;Sculptur_Voilur;Mix;100;0;0
Sculptur;Voilur;Sculptur_Voilur;Mix;12;0;0
Sculptur;Voilur;Sculptur_Voilur;Mix;2;0;0
Sculptur;Voilur;Sculptur_Voilur;Mix;5;0;0
Sculptur;Voilur;Sculptur_Voilur;Mix;6;0;0
Sculptur;Voilur;Sculptur_Voilur;Mix;12;4;33.3
Sculptur;Voilur;Sculptur_Voilur;Mix;95;4;4.2
Sculptur;Voilur;Sculptur_Voilur;Mix;40;6;15
Sculptur;Voilur;Sculptur_Voilur;Mix;100;0;0
Surmesur;Anvergur;Surmesur_Anvergur;Mix;75;0;0
Surmesur;Anvergur;Surmesur_Anvergur;Mix;80;2;2.5
Surmesur;Anvergur;Surmesur_Anvergur;Mix;70;4;5.7
Surmesur;Anvergur;Surmesur_Anvergur;Mix;70;0;0
Surmesur;Anvergur;Surmesur_Anvergur;Mix;85;65;76.5
Surmesur;Anvergur;Surmesur_Anvergur;Mix;70;1;1.4
Surmesur;Anvergur;Surmesur_Anvergur;Mix;28;13;46.4
Surmesur;Anvergur;Surmesur_Anvergur;Mix;12;2;16.7
Surmesur;Anvergur;Surmesur_Anvergur;Mix;100;2;2
Surmesur;Anvergur;Surmesur_Anvergur;Mix;80;0;0
Surmesur;Anvergur;Surmesur_Anvergur;Mix;20;1;5
Surmesur;Anvergur;Surmesur_Anvergur;Mix;30;0;0
Surmesur;Atoudur;Surmesur_Atoudur;Mix;25;2;8
Surmesur;Atoudur;Surmesur_Atoudur;Mix;50;5;10
Surmesur;Atoudur;Surmesur_Atoudur;Mix;90;8;8.9
Surmesur;Atoudur;Surmesur_Atoudur;Mix;90;5;5.6
Surmesur;Atoudur;Surmesur_Atoudur;Mix;98;3;3.1
Surmesur;Atoudur;Surmesur_Atoudur;Mix;98;25;25.5
Surmesur;Atoudur;Surmesur_Atoudur;Mix;100;0;0
Surmesur;Atoudur;Surmesur_Atoudur;Mix;100;7;7
Surmesur;Atoudur;Surmesur_Atoudur;Mix;95;0;0
Surmesur;Atoudur;Surmesur_Atoudur;Mix;60;0;0
Surmesur;Atoudur;Surmesur_Atoudur;Mix;35;0;0
Surmesur;Atoudur;Surmesur_Atoudur;Mix;65;12;18.5
Surmesur;Atoudur;Surmesur_Atoudur;Mix;5;0;0
Surmesur;Atoudur;Surmesur_Atoudur;Mix;45;0;0
Surmesur;Atoudur;Surmesur_Atoudur;Mix;65;0;0
Surmesur;Cultur;Surmesur_Cultur;Mix;100;3;3
Surmesur;Cultur;Surmesur_Cultur;Mix;100;5;5
Surmesur;Cultur;Surmesur_Cultur;Mix;20;5;25
Surmesur;Cultur;Surmesur_Cultur;Mix;40;0;0
Surmesur;Cultur;Surmesur_Cultur;Mix;45;25;55.6
Surmesur;Cultur;Surmesur_Cultur;Mix;3;0.5;16.7
Surmesur;Cultur;Surmesur_Cultur;Mix;10;1;10
Surmesur;Cultur;Surmesur_Cultur;Mix;4;0.5;12.5
Surmesur;Cultur;Surmesur_Cultur;Mix;30;0;0
Surmesur;Cultur;Surmesur_Cultur;Mix;25;0;0
Surmesur;Cultur;Surmesur_Cultur;Mix;50;0;0
Surmesur;Cultur;Surmesur_Cultur;Mix;75;0;0
Surmesur;Cultur;Surmesur_Cultur;Mix;40;2;5
Surmesur;Cultur;Surmesur_Cultur;Mix;30;0;0
Surmesur;Cultur;Surmesur_Cultur;Mix;15;0;0
Surmesur;Cultur;Surmesur_Cultur;Mix;30;5;16.7
Surmesur;Liberdur;Surmesur_Liberdur;Mix;15;0;0
Surmesur;Liberdur;Surmesur_Liberdur;Mix;20;0;0
Surmesur;Liberdur;Surmesur_Liberdur;Mix;6;0;0
Surmesur;Liberdur;Surmesur_Liberdur;Mix;35;0;0
Surmesur;Liberdur;Surmesur_Liberdur;Mix;2;0;0
Surmesur;Liberdur;Surmesur_Liberdur;Mix;0;0;
Surmesur;Liberdur;Surmesur_Liberdur;Mix;5;0;0
Surmesur;Liberdur;Surmesur_Liberdur;Mix;10;0;0
Surmesur;Liberdur;Surmesur_Liberdur;Mix;15;4;26.7
Surmesur;Liberdur;Surmesur_Liberdur;Mix;30;2;6.7
Surmesur;Liberdur;Surmesur_Liberdur;Mix;15;1;6.7
Surmesur;Liberdur;Surmesur_Liberdur;Mix;90;20;22.2
Surmesur;Liberdur;Surmesur_Liberdur;Mix;20;7;35
Surmesur;Liberdur;Surmesur_Liberdur;Mix;70;1;1.4
Surmesur;Liberdur;Surmesur_Liberdur;Mix;85;1;1.2
Surmesur;Liberdur;Surmesur_Liberdur;Mix;90;3;3.3
Surmesur;Obelix;Surmesur_Obelix;Mix;98;18;18.4
Surmesur;Obelix;Surmesur_Obelix;Mix;10;3;30
Surmesur;Obelix;Surmesur_Obelix;Mix;100;0;0
Surmesur;Obelix;Surmesur_Obelix;Mix;100;3;3
Surmesur;Obelix;Surmesur_Obelix;Mix;100;0;0
Surmesur;Obelix;Surmesur_Obelix;Mix;100;0;0
Surmesur;Obelix;Surmesur_Obelix;Mix;98;2;2
Surmesur;Obelix;Surmesur_Obelix;Mix;100;0;0
Surmesur;Obelix;Surmesur_Obelix;Mix;28;0.2;0.7
Surmesur;Obelix;Surmesur_Obelix;Mix;3;0;0
Surmesur;Obelix;Surmesur_Obelix;Mix;8;0.5;6.3
Surmesur;Obelix;Surmesur_Obelix;Mix;2;0;0
Surmesur;Obelix;Surmesur_Obelix;Mix;100;15;15
Surmesur;Obelix;Surmesur_Obelix;Mix;90;10;11.1
Surmesur;Obelix;Surmesur_Obelix;Mix;45;4;8.9
Surmesur;Obelix;Surmesur_Obelix;Mix;90;1;1.1
Surmesur;Pescadou;Surmesur_Pescadou;Mix;100;0;0
Surmesur;Pescadou;Surmesur_Pescadou;Mix;100;0;0
Surmesur;Pescadou;Surmesur_Pescadou;Mix;100;3;3
Surmesur;Pescadou;Surmesur_Pescadou;Mix;100;0;0
Surmesur;Pescadou;Surmesur_Pescadou;Mix;100;0;0
Surmesur;Pescadou;Surmesur_Pescadou;Mix;100;0;0
Surmesur;Pescadou;Surmesur_Pescadou;Mix;100;0;0
Surmesur;Pescadou;Surmesur_Pescadou;Mix;90;20;22.2
Surmesur;Pescadou;Surmesur_Pescadou;Mix;45;2;4.4
Surmesur;Pescadou;Surmesur_Pescadou;Mix;20;0;0
Surmesur;Pescadou;Surmesur_Pescadou;Mix;20;0;0
Surmesur;Pescadou;Surmesur_Pescadou;Mix;80;0;0
Surmesur;Pescadou;Surmesur_Pescadou;Mix;55;2;3.6
Surmesur;Pescadou;Surmesur_Pescadou;Mix;35;0;0
Surmesur;Pescadou;Surmesur_Pescadou;Mix;45;0;0
Surmesur;Pescadou;Surmesur_Pescadou;Mix;20;0;0
Surmesur;Pescadou;Surmesur_Pescadou;Mix;17;0.5;2.9
Surmesur;Pescadou;Surmesur_Pescadou;Mix;98;4;4.1
Surmesur;Pescadou;Surmesur_Pescadou;Mix;95;0.5;0.5
Surmesur;Sculptur;Surmesur_Sculptur;Mix;100;2;2
Surmesur;Sculptur;Surmesur_Sculptur;Mix;100;10;10
Surmesur;Sculptur;Surmesur_Sculptur;Mix;100;0;0
Surmesur;Sculptur;Surmesur_Sculptur;Mix;100;1;1
Surmesur;Sculptur;Surmesur_Sculptur;Mix;100;1;1
Surmesur;Sculptur;Surmesur_Sculptur;Mix;100;0;0
Surmesur;Sculptur;Surmesur_Sculptur;Mix;100;0;0
Surmesur;Sculptur;Surmesur_Sculptur;Mix;100;0;0
Surmesur;Sculptur;Surmesur_Sculptur;Mix;35;5;14.3
Surmesur;Sculptur;Surmesur_Sculptur;Mix;25;5;20
Surmesur;Sculptur;Surmesur_Sculptur;Mix;85;40;47.1
Surmesur;Sculptur;Surmesur_Sculptur;Mix;72;50;69.4
Surmesur;Sculptur;Surmesur_Sculptur;Mix;45;8;17.8
Surmesur;Sculptur;Surmesur_Sculptur;Mix;20;3;15
Surmesur;Sculptur;Surmesur_Sculptur;Mix;80;10;12.5
Surmesur;Sculptur;Surmesur_Sculptur;Mix;85;20;23.5
Surmesur;Surmesur;Surmesur_Surmesur;Pure;100;5;5
Surmesur;Surmesur;Surmesur_Surmesur;Pure;100;1;1
Surmesur;Surmesur;Surmesur_Surmesur;Pure;100;1;1
Surmesur;Surmesur;Surmesur_Surmesur;Pure;100;12;12
Surmesur;Surmesur;Surmesur_Surmesur;Pure;100;28;28
Surmesur;Surmesur;Surmesur_Surmesur;Pure;20;1;5
Surmesur;Surmesur;Surmesur_Surmesur;Pure;100;3;3
Surmesur;Surmesur;Surmesur_Surmesur;Pure;100;1;1
Surmesur;Surmesur;Surmesur_Surmesur;Pure;45;7;15.6
Surmesur;Surmesur;Surmesur_Surmesur;Pure;100;0;0
Surmesur;Surmesur;Surmesur_Surmesur;Pure;100;0;0
Surmesur;Surmesur;Surmesur_Surmesur;Pure;100;0;0
Surmesur;Surmesur;Surmesur_Surmesur;Pure;100;0;0
Surmesur;Surmesur;Surmesur_Surmesur;Pure;100;0;0
Surmesur;Surmesur;Surmesur_Surmesur;Pure;100;0;0
Surmesur;Surmesur;Surmesur_Surmesur;Pure;100;0;0
Surmesur;Surmesur;Surmesur_Surmesur;Pure;20;0.2;1
Surmesur;Surmesur;Surmesur_Surmesur;Pure;6;0;0
Surmesur;Surmesur;Surmesur_Surmesur;Pure;40;0;0
Surmesur;Surmesur;Surmesur_Surmesur;Pure;50;0;0
Surmesur;Surmesur;Surmesur_Surmesur;Pure;15;0;0
Surmesur;Surmesur;Surmesur_Surmesur;Pure;100;0;0
Surmesur;Surmesur;Surmesur_Surmesur;Pure;50;0;0
Surmesur;Surmesur;Surmesur_Surmesur;Pure;3;0;0
Surmesur;Surmesur;Surmesur_Surmesur;Pure;80;5;6.3
Surmesur;Surmesur;Surmesur_Surmesur;Pure;70;2;2.9
Surmesur;Surmesur;Surmesur_Surmesur;Pure;80;1;1.3
Surmesur;Surmesur;Surmesur_Surmesur;Pure;55;0;0
Surmesur;Surmesur;Surmesur_Surmesur;Pure;75;2;2.7
Surmesur;Surmesur;Surmesur_Surmesur;Pure;95;15;15.8
Surmesur;Surmesur;Surmesur_Surmesur;Pure;55;0;0
Surmesur;Surmesur;Surmesur_Surmesur;Pure;55;5;9.1
Surmesur;Voilur;Surmesur_Voilur;Mix;85;2;2.4
Surmesur;Voilur;Surmesur_Voilur;Mix;100;0;0
Surmesur;Voilur;Surmesur_Voilur;Mix;100;0;0
Surmesur;Voilur;Surmesur_Voilur;Mix;0;0;
Surmesur;Voilur;Surmesur_Voilur;Mix;92;12;13
Surmesur;Voilur;Surmesur_Voilur;Mix;100;0;0
Surmesur;Voilur;Surmesur_Voilur;Mix;95;2;2.1
Surmesur;Voilur;Surmesur_Voilur;Mix;100;0;0
Surmesur;Voilur;Surmesur_Voilur;Mix;65;0;0
Surmesur;Voilur;Surmesur_Voilur;Mix;95;0;0
Surmesur;Voilur;Surmesur_Voilur;Mix;80;0;0
Surmesur;Voilur;Surmesur_Voilur;Mix;20;0;0
Surmesur;Voilur;Surmesur_Voilur;Mix;55;17;30.9
Surmesur;Voilur;Surmesur_Voilur;Mix;60;0;0
Surmesur;Voilur;Surmesur_Voilur;Mix;85;0;0
Surmesur;Voilur;Surmesur_Voilur;Mix;35;0;0
Voilur;Anvergur;Voilur_Anvergur;Mix;95;0;0
Voilur;Anvergur;Voilur_Anvergur;Mix;65;0;0
Voilur;Anvergur;Voilur_Anvergur;Mix;100;0;0
Voilur;Anvergur;Voilur_Anvergur;Mix;100;0;0
Voilur;Anvergur;Voilur_Anvergur;Mix;12;0;0
Voilur;Anvergur;Voilur_Anvergur;Mix;40;0;0
Voilur;Anvergur;Voilur_Anvergur;Mix;22;0;0
Voilur;Anvergur;Voilur_Anvergur;Mix;60;0;0
Voilur;Anvergur;Voilur_Anvergur;Mix;50;0;0
Voilur;Anvergur;Voilur_Anvergur;Mix;50;0;0
Voilur;Anvergur;Voilur_Anvergur;Mix;55;0;0
Voilur;Anvergur;Voilur_Anvergur;Mix;92;0;0
Voilur;Anvergur;Voilur_Anvergur;Mix;65;0;0
Voilur;Anvergur;Voilur_Anvergur;Mix;90;0;0
Voilur;Anvergur;Voilur_Anvergur;Mix;90;0;0
Voilur;Anvergur;Voilur_Anvergur;Mix;90;0;0
Voilur;Atoudur;Voilur_Atoudur;Mix;100;0;0
Voilur;Atoudur;Voilur_Atoudur;Mix;100;0;0
Voilur;Atoudur;Voilur_Atoudur;Mix;100;0;0
Voilur;Atoudur;Voilur_Atoudur;Mix;100;0;0
Voilur;Atoudur;Voilur_Atoudur;Mix;100;0;0
Voilur;Atoudur;Voilur_Atoudur;Mix;90;1;1.1
Voilur;Atoudur;Voilur_Atoudur;Mix;100;0;0
Voilur;Atoudur;Voilur_Atoudur;Mix;100;0;0
Voilur;Atoudur;Voilur_Atoudur;Mix;20;0;0
Voilur;Atoudur;Voilur_Atoudur;Mix;20;0;0
Voilur;Atoudur;Voilur_Atoudur;Mix;20;0;0
Voilur;Atoudur;Voilur_Atoudur;Mix;35;0;0
Voilur;Atoudur;Voilur_Atoudur;Mix;95;2;2.1
Voilur;Atoudur;Voilur_Atoudur;Mix;90;0;0
Voilur;Atoudur;Voilur_Atoudur;Mix;90;0;0
Voilur;Atoudur;Voilur_Atoudur;Mix;65;0;0
Voilur;Cultur;Voilur_Cultur;Mix;55;1;1.8
Voilur;Cultur;Voilur_Cultur;Mix;40;0;0
Voilur;Cultur;Voilur_Cultur;Mix;30;0;0
Voilur;Cultur;Voilur_Cultur;Mix;40;0;0
Voilur;Cultur;Voilur_Cultur;Mix;45;0;0
Voilur;Cultur;Voilur_Cultur;Mix;55;0;0
Voilur;Cultur;Voilur_Cultur;Mix;92;0;0
Voilur;Cultur;Voilur_Cultur;Mix;100;0;0
Voilur;Cultur;Voilur_Cultur;Mix;70;0;0
Voilur;Cultur;Voilur_Cultur;Mix;70;0;0
Voilur;Cultur;Voilur_Cultur;Mix;70;0;0
Voilur;Cultur;Voilur_Cultur;Mix;15;0;0
Voilur;Cultur;Voilur_Cultur;Mix;85;0;0
Voilur;Cultur;Voilur_Cultur;Mix;25;0;0
Voilur;Cultur;Voilur_Cultur;Mix;15;0;0
Voilur;Cultur;Voilur_Cultur;Mix;35;0;0
Voilur;Cultur;Voilur_Cultur;Mix;20;3;15
Voilur;Cultur;Voilur_Cultur;Mix;90;2;2.2
Voilur;Cultur;Voilur_Cultur;Mix;100;1;1
Voilur;Cultur;Voilur_Cultur;Mix;100;0;0
Voilur;Liberdur;Voilur_Liberdur;Mix;75;0;0
Voilur;Liberdur;Voilur_Liberdur;Mix;55;0;0
Voilur;Liberdur;Voilur_Liberdur;Mix;75;0;0
Voilur;Liberdur;Voilur_Liberdur;Mix;75;0;0
Voilur;Liberdur;Voilur_Liberdur;Mix;100;0;0
Voilur;Liberdur;Voilur_Liberdur;Mix;100;0;0
Voilur;Liberdur;Voilur_Liberdur;Mix;100;0;0
Voilur;Liberdur;Voilur_Liberdur;Mix;100;0;0
Voilur;Liberdur;Voilur_Liberdur;Mix;50;0;0
Voilur;Liberdur;Voilur_Liberdur;Mix;65;0;0
Voilur;Liberdur;Voilur_Liberdur;Mix;75;0;0
Voilur;Liberdur;Voilur_Liberdur;Mix;95;0;0
Voilur;Liberdur;Voilur_Liberdur;Mix;100;0;0
Voilur;Liberdur;Voilur_Liberdur;Mix;75;0;0
Voilur;Liberdur;Voilur_Liberdur;Mix;5;0;0
Voilur;Obelix;Voilur_Obelix;Mix;80;0;0
Voilur;Obelix;Voilur_Obelix;Mix;80;0;0
Voilur;Obelix;Voilur_Obelix;Mix;50;0;0
Voilur;Obelix;Voilur_Obelix;Mix;80;0;0
Voilur;Obelix;Voilur_Obelix;Mix;50;0;0
Voilur;Obelix;Voilur_Obelix;Mix;2;0;0
Voilur;Obelix;Voilur_Obelix;Mix;65;0;0
Voilur;Obelix;Voilur_Obelix;Mix;6;0;0
Voilur;Obelix;Voilur_Obelix;Mix;95;0;0
Voilur;Obelix;Voilur_Obelix;Mix;95;0;0
Voilur;Obelix;Voilur_Obelix;Mix;30;0;0
Voilur;Obelix;Voilur_Obelix;Mix;60;0;0
Voilur;Obelix;Voilur_Obelix;Mix;100;0;0
Voilur;Obelix;Voilur_Obelix;Mix;95;0;0
Voilur;Obelix;Voilur_Obelix;Mix;70;0;0
Voilur;Obelix;Voilur_Obelix;Mix;93;0;0
Voilur;Pescadou;Voilur_Pescadou;Mix;100;0;0
Voilur;Pescadou;Voilur_Pescadou;Mix;85;0;0
Voilur;Pescadou;Voilur_Pescadou;Mix;100;0;0
Voilur;Pescadou;Voilur_Pescadou;Mix;100;0;0
Voilur;Pescadou;Voilur_Pescadou;Mix;60;0;0
Voilur;Pescadou;Voilur_Pescadou;Mix;55;0.5;0.9
Voilur;Pescadou;Voilur_Pescadou;Mix;70;1;1.4
Voilur;Pescadou;Voilur_Pescadou;Mix;95;0;0
Voilur;Pescadou;Voilur_Pescadou;Mix;30;0;0
Voilur;Pescadou;Voilur_Pescadou;Mix;30;0;0
Voilur;Pescadou;Voilur_Pescadou;Mix;20;0;0
Voilur;Pescadou;Voilur_Pescadou;Mix;45;0;0
Voilur;Pescadou;Voilur_Pescadou;Mix;35;0;0
Voilur;Pescadou;Voilur_Pescadou;Mix;60;0;0
Voilur;Pescadou;Voilur_Pescadou;Mix;80;0;0
Voilur;Pescadou;Voilur_Pescadou;Mix;82;0;0
Voilur;Sculptur;Voilur_Sculptur;Mix;50;0;0
Voilur;Sculptur;Voilur_Sculptur;Mix;60;0;0
Voilur;Sculptur;Voilur_Sculptur;Mix;65;1;1.5
Voilur;Sculptur;Voilur_Sculptur;Mix;55;2;3.6
Voilur;Sculptur;Voilur_Sculptur;Mix;70;0;0
Voilur;Sculptur;Voilur_Sculptur;Mix;30;0;0
Voilur;Sculptur;Voilur_Sculptur;Mix;70;0;0
Voilur;Sculptur;Voilur_Sculptur;Mix;95;0;0
Voilur;Sculptur;Voilur_Sculptur;Mix;10;0;0
Voilur;Sculptur;Voilur_Sculptur;Mix;20;0;0
Voilur;Sculptur;Voilur_Sculptur;Mix;27;0;0
Voilur;Sculptur;Voilur_Sculptur;Mix;0;0;
Voilur;Sculptur;Voilur_Sculptur;Mix;100;0;0
Voilur;Sculptur;Voilur_Sculptur;Mix;70;0;0
Voilur;Sculptur;Voilur_Sculptur;Mix;40;0;0
Voilur;Sculptur;Voilur_Sculptur;Mix;80;0;0
Voilur;Surmesur;Voilur_Surmesur;Mix;80;0;0
Voilur;Surmesur;Voilur_Surmesur;Mix;65;0;0
Voilur;Surmesur;Voilur_Surmesur;Mix;100;0;0
Voilur;Surmesur;Voilur_Surmesur;Mix;100;0;0
Voilur;Surmesur;Voilur_Surmesur;Mix;100;0;0
Voilur;Surmesur;Voilur_Surmesur;Mix;100;0;0
Voilur;Surmesur;Voilur_Surmesur;Mix;40;0;0
Voilur;Surmesur;Voilur_Surmesur;Mix;100;0;0
Voilur;Surmesur;Voilur_Surmesur;Mix;10;0;0
Voilur;Surmesur;Voilur_Surmesur;Mix;75;0;0
Voilur;Surmesur;Voilur_Surmesur;Mix;35;0;0
Voilur;Surmesur;Voilur_Surmesur;Mix;28;0;0
Voilur;Surmesur;Voilur_Surmesur;Mix;85;0;0
Voilur;Surmesur;Voilur_Surmesur;Mix;40;0;0
Voilur;Surmesur;Voilur_Surmesur;Mix;50;0;0
Voilur;Surmesur;Voilur_Surmesur;Mix;75;0;0
Voilur;Voilur;Voilur_Voilur;Pure;55;0;0
Voilur;Voilur;Voilur_Voilur;Pure;55;1;1.8
Voilur;Voilur;Voilur_Voilur;Pure;65;0;0
Voilur;Voilur;Voilur_Voilur;Pure;65;0;0
Voilur;Voilur;Voilur_Voilur;Pure;60;0;0
Voilur;Voilur;Voilur_Voilur;Pure;70;0;0
Voilur;Voilur;Voilur_Voilur;Pure;65;0;0
Voilur;Voilur;Voilur_Voilur;Pure;45;0;0
Voilur;Voilur;Voilur_Voilur;Pure;80;0;0
Voilur;Voilur;Voilur_Voilur;Pure;95;0;0
Voilur;Voilur;Voilur_Voilur;Pure;90;0;0
Voilur;Voilur;Voilur_Voilur;Pure;50;0;0
Voilur;Voilur;Voilur_Voilur;Pure;100;0;0
Voilur;Voilur;Voilur_Voilur;Pure;100;0;0
Voilur;Voilur;Voilur_Voilur;Pure;100;0;0
Voilur;Voilur;Voilur_Voilur;Pure;100;0;0
Voilur;Voilur;Voilur_Voilur;Pure;80;0;0
Voilur;Voilur;Voilur_Voilur;Pure;90;0;0
Voilur;Voilur;Voilur_Voilur;Pure;80;0;0
Voilur;Voilur;Voilur_Voilur;Pure;78;0;0
Voilur;Voilur;Voilur_Voilur;Pure;90;0;0
Voilur;Voilur;Voilur_Voilur;Pure;80;0;0
Voilur;Voilur;Voilur_Voilur;Pure;85;0;0
Voilur;Voilur;Voilur_Voilur;Pure;95;0;0
Voilur;Voilur;Voilur_Voilur;Pure;100;0;0
Voilur;Voilur;Voilur_Voilur;Pure;100;0;0
Voilur;Voilur;Voilur_Voilur;Pure;95;0;0
Voilur;Voilur;Voilur_Voilur;Pure;92;0;0
Voilur;Voilur;Voilur_Voilur;Pure;92;0;0
Voilur;Voilur;Voilur_Voilur;Pure;70;0;0
Voilur;Voilur;Voilur_Voilur;Pure;100;0;0
Voilur;Voilur;Voilur_Voilur;Pure;95;0;0
